지점,일시,풍속(m/s),풍향(deg),평균파고(m),파주기(sec),파향(deg)
22104,2018-06-01 1:00,2,284,0.3,4.3,309
22104,2018-06-01 2:00,2.4,342,0.2,3.6,57
22104,2018-06-01 3:00,3.2,347,0.2,4.3,351
22104,2018-06-01 4:00,3,337,0.2,4.6,333
22104,2018-06-01 5:00,2.9,331,0.2,4.3,28
22104,2018-06-01 6:00,3.1,336,0.2,3.8,62
22104,2018-06-01 7:00,2.7,339,0.2,4.6,269
22104,2018-06-01 8:00,3.6,354,0.2,4.6,183
22104,2018-06-01 9:00,3.8,11,0.2,4,294
22104,2018-06-01 10:00,2.8,16,0.2,4.3,307
22104,2018-06-01 11:00,2.2,36,0.2,4.3,34
22104,2018-06-01 12:00,4.2,110,0.2,4.6,308
22104,2018-06-01 13:00,3.6,96,0.2,3.2,173
22104,2018-06-01 14:00,2.5,83,0.2,3.6,152
22104,2018-06-01 15:00,2.9,79,0.2,4.9,336
22104,2018-06-01 16:00,1,28,0.2,4.9,134
22104,2018-06-01 17:00,1.4,29,0.2,3.6,350
22104,2018-06-01 18:00,2.3,16,0.2,4.3,200
22104,2018-06-01 19:00,2.4,18,0.2,3.8,58
22104,2018-06-01 20:00,1.6,8,0.3,3.8,216
22104,2018-06-01 21:00,1.3,3,0.2,4,267
22104,2018-06-01 22:00,1,4,0.2,3.4,279
22104,2018-06-01 23:00,1.3,338,0.2,3.6,262
22104,2018-06-02 0:00,1.4,295,0.2,4,314
22104,2018-06-02 1:00,1.8,293,0.2,4.3,313
22104,2018-06-02 2:00,1.5,307,0.1,3.6,110
22104,2018-06-02 3:00,2.2,341,0.2,4.6,248
22104,2018-06-02 4:00,3.2,0,0.1,3.6,333
22104,2018-06-02 5:00,1.1,333,0.2,4.9,181
22104,2018-06-02 6:00,2.9,294,0.1,4.6,169
22104,2018-06-02 7:00,2.7,339,0.1,4,64
22104,2018-06-02 8:00,2.5,346,0.2,3.4,118
22104,2018-06-02 9:00,1,349,0.2,4.9,256
22104,2018-06-02 10:00,1.6,282,0.2,5.8,154
22104,2018-06-02 11:00,2.6,207,0.2,3.6,298
22104,2018-06-02 12:00,4.3,221,0.1,4.9,141
22104,2018-06-02 13:00,5.1,225,0.2,3.8,248
22104,2018-06-02 14:00,5.2,212,0.2,2.5,6
22104,2018-06-02 15:00,5.1,207,0.2,2,135
22104,2018-06-02 16:00,5.6,216,0.2,2,177
22104,2018-06-02 17:00,6.6,224,0.3,2.1,134
22104,2018-06-02 18:00,6.2,232,0.3,2.2,216
22104,2018-06-02 19:00,6.4,225,0.3,2.5,210
22104,2018-06-02 20:00,6.4,245,0.3,2.7,225
22104,2018-06-02 21:00,5.1,219,0.3,2.8,230
22104,2018-06-02 22:00,2.8,210,0.2,2.8,247
22104,2018-06-02 23:00,3.2,223,0.2,2.4,244
22104,2018-06-03 0:00,2.5,222,0.2,2.7,162
22104,2018-06-03 1:00,2.1,185,0.2,5.8,152
22104,2018-06-03 2:00,3.6,193,0.2,2.7,173
22104,2018-06-03 3:00,3.6,195,0.2,5.8,318
22104,2018-06-03 4:00,3.2,227,0.2,4.9,329
22104,2018-06-03 5:00,2.6,226,0.2,5.3,163
22104,2018-06-03 6:00,4.6,224,0.2,2.4,172
22104,2018-06-03 7:00,4.6,228,0.2,2.3,136
22104,2018-06-03 8:00,2.8,208,0.2,2.1,268
22104,2018-06-03 9:00,3.5,207,0.2,3.2,283
22104,2018-06-03 10:00,2.9,198,0.2,2.3,161
22104,2018-06-03 11:00,4.1,209,0.2,2.2,186
22104,2018-06-03 12:00,5.5,207,0.2,4.9,337
22104,2018-06-03 13:00,5.7,197,0.2,2.1,192
22104,2018-06-03 14:00,7.2,225,0.3,2.3,222
22104,2018-06-03 15:00,4.9,220,0.2,2.3,218
22104,2018-06-03 16:00,4.7,225,0.2,2.5,172
22104,2018-06-03 17:00,4.3,210,0.2,5.8,149
22104,2018-06-03 18:00,4.1,205,0.2,5.8,200
22104,2018-06-03 19:00,5.7,217,0.3,2.7,212
22104,2018-06-03 20:00,4.4,220,0.3,2.9,204
22104,2018-06-03 21:00,3.2,238,0.2,3,163
22104,2018-06-03 22:00,1.6,209,0.2,3,173
22104,2018-06-03 23:00,1.4,246,0.2,2.9,179
22104,2018-06-04 0:00,2.8,248,0.2,2.9,185
22104,2018-06-04 1:00,2.4,186,0.2,2.8,234
22104,2018-06-04 2:00,2.4,214,0.2,2.5,218
22104,2018-06-04 3:00,3.9,223,0.2,2.9,240
22104,2018-06-04 4:00,3.8,234,0.3,3.8,290
22104,2018-06-04 5:00,4.3,222,0.2,6.4,197
22104,2018-06-04 6:00,3.5,245,0.2,4,56
22104,2018-06-04 7:00,4,211,0.2,2.9,191
22104,2018-06-04 8:00,2.8,217,0.2,3,179
22104,2018-06-04 9:00,3.7,234,0.2,5.3,91
22104,2018-06-04 10:00,3.5,212,0.2,6.4,194
22104,2018-06-04 11:00,3,204,0.2,5.3,219
22104,2018-06-04 12:00,3.7,206,0.2,6.4,209
22104,2018-06-04 13:00,4.9,204,0.2,5.8,220
22104,2018-06-04 14:00,4.9,222,0.3,5.3,85
22104,2018-06-04 15:00,4.7,216,0.3,9.1,16
22104,2018-06-04 16:00,6,219,0.2,5.8,204
22104,2018-06-04 17:00,4.7,216,0.2,2.1,177
22104,2018-06-04 18:00,5.2,218,0.2,9.1,348
22104,2018-06-04 19:00,4,249,0.2,2.3,193
22104,2018-06-04 20:00,4.1,254,0.3,5.3,322
22104,2018-06-04 21:00,3.5,245,0.2,2.5,194
22104,2018-06-04 22:00,3.4,241,0.2,4.3,189
22104,2018-06-04 23:00,2.5,222,0.2,4.6,179
22104,2018-06-05 0:00,3.1,199,0.2,5.8,207
22104,2018-06-05 1:00,3,215,0.2,3.6,188
22104,2018-06-05 2:00,2.7,186,0.2,5.8,203
22104,2018-06-05 3:00,2.8,197,0.2,3.2,262
22104,2018-06-05 4:00,2.6,212,0.2,4,218
22104,2018-06-05 5:00,3,220,0.2,4.6,204
22104,2018-06-05 6:00,2.4,241,0.2,2.7,164
22104,2018-06-05 7:00,2.1,246,0.2,3.8,105
22104,2018-06-05 8:00,1.6,196,0.2,4.6,276
22104,2018-06-05 9:00,1.3,156,0.2,5.3,215
22104,2018-06-05 10:00,1.1,60,0.2,5.3,217
22104,2018-06-05 11:00,2,359,0.2,5.3,334
22104,2018-06-05 12:00,3.6,76,0.2,5.3,114
22104,2018-06-05 13:00,3.7,79,0.2,4.9,103
22104,2018-06-05 14:00,3.9,68,0.2,4.9,321
22104,2018-06-05 15:00,3.9,63,0.2,3.6,87
22104,2018-06-05 16:00,4.5,49,0.2,2.6,175
22104,2018-06-05 17:00,4.6,56,0.2,2.8,165
22104,2018-06-05 18:00,5,84,0.3,2.8,188
22104,2018-06-05 19:00,4.6,50,0.3,3,190
22104,2018-06-05 20:00,5,62,0.3,2.9,194
22104,2018-06-05 21:00,4.6,75,0.3,2.9,205
22104,2018-06-05 22:00,4.1,71,0.3,3,208
22104,2018-06-05 23:00,3.6,37,0.3,3.2,193
22104,2018-06-06 0:00,3.7,92,0.2,3.2,229
22104,2018-06-06 1:00,3.8,47,0.2,3.2,269
22104,2018-06-06 2:00,3.7,357,0.2,3.2,296
22104,2018-06-06 3:00,2.9,348,0.2,3,333
22104,2018-06-06 4:00,2.6,339,0.2,5.8,19
22104,2018-06-06 5:00,2.6,342,0.2,4.6,330
22104,2018-06-06 6:00,3.3,341,0.2,5.8,87
22104,2018-06-06 7:00,3,343,0.2,5.8,116
22104,2018-06-06 8:00,3,331,0.2,5.3,291
22104,2018-06-06 9:00,1.1,323,0.3,4.6,258
22104,2018-06-06 10:00,0.7,284,0.2,6.4,96
22104,2018-06-06 11:00,1.3,212,0.2,6.4,146
22104,2018-06-06 12:00,1.9,210,0.2,4.9,142
22104,2018-06-06 13:00,2.9,197,0.2,5.3,150
22104,2018-06-06 14:00,3.5,212,0.2,6.4,129
22104,2018-06-06 15:00,2.5,203,0.2,6.4,121
22104,2018-06-06 16:00,4.2,207,0.2,6.4,129
22104,2018-06-06 17:00,4,204,0.2,5.3,136
22104,2018-06-06 18:00,3.9,209,0.2,5.8,114
22104,2018-06-06 19:00,3.6,218,0.2,4.3,221
22104,2018-06-06 20:00,3.9,229,0.2,6.4,63
22104,2018-06-06 21:00,3.7,222,0.2,5.3,100
22104,2018-06-06 22:00,3.9,248,0.2,5.8,113
22104,2018-06-06 23:00,4.7,228,0.2,4,39
22104,2018-06-07 0:00,4.7,223,0.2,5.8,163
22104,2018-06-07 1:00,4.8,219,0.2,5.8,180
22104,2018-06-07 2:00,4.2,234,0.2,5.8,177
22104,2018-06-07 3:00,4.1,243,0.2,5.3,167
22104,2018-06-07 4:00,4,231,0.2,5.3,166
22104,2018-06-07 5:00,2.7,245,0.2,5.3,156
22104,2018-06-07 6:00,3.1,239,0.2,4.9,167
22104,2018-06-07 7:00,3.4,252,0.2,4.9,167
22104,2018-06-07 8:00,3.3,224,0.2,4.3,202
22104,2018-06-07 9:00,2.3,268,0.2,3.2,165
22104,2018-06-07 10:00,3,205,0.2,5.3,250
22104,2018-06-07 11:00,5.2,205,0.2,2.9,258
22104,2018-06-07 12:00,6.4,213,0.2,2.2,129
22104,2018-06-07 13:00,6,221,0.3,2.6,152
22104,2018-06-07 14:00,6.5,219,0.3,2.6,155
22104,2018-06-07 15:00,6.7,195,0.3,2.5,134
22104,2018-06-07 16:00,6.2,212,0.3,2.6,158
22104,2018-06-07 17:00,5.8,222,0.3,2.5,151
22104,2018-06-07 18:00,5.9,228,0.3,2.4,146
22104,2018-06-07 19:00,5.8,216,0.2,2.2,159
22104,2018-06-07 20:00,5.9,197,0.3,3.6,157
22104,2018-06-07 21:00,4.9,234,0.2,2,164
22104,2018-06-07 22:00,4.7,231,0.2,2.1,157
22104,2018-06-07 23:00,5,229,0.2,2.1,200
22104,2018-06-08 0:00,4.5,241,0.2,2.2,206
22104,2018-06-08 1:00,3.9,232,0.2,5.3,12
22104,2018-06-08 2:00,2.4,276,0.2,2.3,96
22104,2018-06-08 3:00,0.6,86,0.2,2.5,113
22104,2018-06-08 4:00,1.5,199,0.2,8,160
22104,2018-06-08 5:00,2.2,223,0.2,2.8,116
22104,2018-06-08 6:00,1.3,255,0.2,8,169
22104,2018-06-08 7:00,1.7,198,0.2,4.6,133
22104,2018-06-08 8:00,2.9,230,0.2,3.4,23
22104,2018-06-08 9:00,3.9,229,0.2,2.1,95
22104,2018-06-08 10:00,5.1,240,0.2,2.1,311
22104,2018-06-08 11:00,4,249,0.2,2,329
22104,2018-06-08 12:00,3.7,241,0.3,7.1,208
22104,2018-06-08 13:00,3.5,196,0.2,2.4,102
22104,2018-06-08 14:00,5,222,0.2,2.3,211
22104,2018-06-08 15:00,3.9,214,0.2,2.1,175
22104,2018-06-08 16:00,4.8,212,0.2,2.4,214
22104,2018-06-08 17:00,4.1,228,0.2,2.3,235
22104,2018-06-08 18:00,4.3,222,0.2,2.1,278
22104,2018-06-08 19:00,3.6,226,0.2,2,82
22104,2018-06-08 20:00,2.3,180,0.2,4.9,192
22104,2018-06-08 21:00,3.4,163,0.2,4.6,179
22104,2018-06-08 22:00,2.7,186,0.2,4.9,353
22104,2018-06-08 23:00,4.3,74,0.2,4,119
22104,2018-06-09 0:00,3.5,69,0.2,4.9,254
22104,2018-06-09 1:00,5.8,85,0.2,4.9,325
22104,2018-06-09 2:00,7,77,0.3,2.2,135
22104,2018-06-09 3:00,7.2,55,0.4,2.9,135
22104,2018-06-09 4:00,9.7,70,0.6,3.6,149
22104,2018-06-09 5:00,10.3,71,0.9,4.6,209
22104,2018-06-09 6:00,11.2,73,1,5.3,211
22104,2018-06-09 7:00,10.6,35,1.1,5.8,131
22104,2018-06-09 8:00,10.9,77,1.1,5.8,133
22104,2018-06-09 9:00,11.7,55,1.1,5.3,141
22104,2018-06-09 10:00,10.8,359,1.2,5.8,149
22104,2018-06-09 11:00,11.9,48,1.2,5.8,148
22104,2018-06-09 12:00,11.6,51,1.3,6.4,215
22104,2018-06-09 13:00,11.3,58,1.2,5.3,210
22104,2018-06-09 14:00,11.6,50,1.3,5.8,214
22104,2018-06-09 15:00,11.3,60,1.2,5.8,213
22104,2018-06-09 16:00,11.9,50,1.3,5.3,216
22104,2018-06-09 17:00,12.5,52,1.4,5.8,215
22104,2018-06-09 18:00,12.1,51,1.3,6.4,219
22104,2018-06-09 19:00,12.5,59,1.3,6.4,231
22104,2018-06-09 20:00,12.2,63,1.7,6.4,221
22104,2018-06-09 21:00,13,30,1.7,7.1,215
22104,2018-06-09 22:00,12.7,54,1.7,7.1,221
22104,2018-06-09 23:00,10.4,4,1.8,7.1,167
22104,2018-06-10 0:00,11.9,61,1.9,7.1,213
22104,2018-06-10 1:00,12.4,56,1.7,7.1,217
22104,2018-06-10 2:00,11.2,43,1.7,6.4,215
22104,2018-06-10 3:00,13.5,58,1.7,7.1,213
22104,2018-06-10 4:00,12.1,63,1.7,7.1,247
22104,2018-06-10 5:00,11.9,58,1.6,7.1,225
22104,2018-06-10 6:00,12.6,50,1.8,7.1,228
22104,2018-06-10 7:00,12.5,35,1.5,6.4,233
22104,2018-06-10 8:00,11,50,1.5,7.1,237
22104,2018-06-10 9:00,11.3,40,1.6,7.1,234
22104,2018-06-10 10:00,11.3,48,1.6,7.1,237
22104,2018-06-10 11:00,10.5,59,1.6,7.1,242
22104,2018-06-10 12:00,11.7,39,1.6,7.1,237
22104,2018-06-10 13:00,12.1,56,1.7,7.1,241
22104,2018-06-10 14:00,12.1,50,1.5,7.1,241
22104,2018-06-10 15:00,12.2,57,1.6,7.1,227
22104,2018-06-10 16:00,11.2,50,1.5,6.4,233
22104,2018-06-10 17:00,12,54,1.5,6.4,229
22104,2018-06-10 18:00,12.5,64,1.6,6.4,236
22104,2018-06-10 19:00,12.4,34,1.3,6.4,231
22104,2018-06-10 20:00,11.5,74,1.4,6.4,229
22104,2018-06-10 21:00,11.7,61,1.5,7.1,225
22104,2018-06-10 22:00,9.7,51,1.3,6.4,229
22104,2018-06-10 23:00,10.3,65,1.4,6.4,242
22104,2018-06-11 0:00,11.3,78,1.4,7.1,231
22104,2018-06-11 1:00,9.8,53,1.4,6.4,237
22104,2018-06-11 2:00,10.1,57,1.3,6.4,247
22104,2018-06-11 3:00,11.5,58,1.5,6.4,251
22104,2018-06-11 4:00,11.1,37,1.3,7.1,253
22104,2018-06-11 5:00,10.8,40,1.5,7.1,235
22104,2018-06-11 6:00,10.7,38,1.5,7.1,246
22104,2018-06-11 7:00,10.4,37,1.5,7.1,234
22104,2018-06-11 8:00,7.9,27,1.3,6.4,267
22104,2018-06-11 9:00,7.8,33,1.3,7.1,282
22104,2018-06-11 10:00,6.5,19,1.3,7.1,308
22104,2018-06-11 11:00,7.4,353,1.1,7.1,291
22104,2018-06-11 12:00,6.8,33,1,7.1,251
22104,2018-06-11 13:00,8.5,58,1.1,6.4,231
22104,2018-06-11 14:00,9.1,39,1.2,6.4,246
22104,2018-06-11 15:00,8.9,59,1.2,6.4,248
22104,2018-06-11 16:00,9,62,1.2,6.4,230
22104,2018-06-11 17:00,8.7,59,1.2,6.4,242
22104,2018-06-11 18:00,8.6,61,1.1,6.4,230
22104,2018-06-11 19:00,9.5,62,1.2,6.4,219
22104,2018-06-11 20:00,9.2,66,1.2,7.1,216
22104,2018-06-11 21:00,9.2,64,1.1,7.1,223
22104,2018-06-11 22:00,8.3,71,1,6.4,216
22104,2018-06-11 23:00,7.4,49,1.1,6.4,223
22104,2018-06-12 0:00,6.4,57,0.9,6.4,228
22104,2018-06-12 1:00,7.2,54,0.9,7.1,211
22104,2018-06-12 2:00,5.8,64,0.8,6.4,199
22104,2018-06-12 3:00,5.4,43,0.9,6.4,232
22104,2018-06-12 4:00,5.1,51,1,7.1,223
22104,2018-06-12 5:00,5.3,63,1,6.4,238
22104,2018-06-12 6:00,5.6,58,0.9,6.4,232
22104,2018-06-12 7:00,5.1,69,0.8,7.1,231
22104,2018-06-12 8:00,4,53,0.7,7.1,219
22104,2018-06-12 9:00,3.3,79,0.6,7.1,214
22104,2018-06-12 10:00,3.8,70,0.6,7.1,211
22104,2018-06-12 11:00,2.7,61,0.6,5.8,198
22104,2018-06-12 12:00,2.7,56,0.5,5.8,219
22104,2018-06-12 13:00,1.8,63,0.5,7.1,223
22104,2018-06-12 14:00,1.6,92,0.6,6.4,209
22104,2018-06-12 15:00,1.9,104,0.5,6.4,217
22104,2018-06-12 16:00,3.1,98,0.5,6.4,229
22104,2018-06-12 17:00,4,88,0.6,6.4,223
22104,2018-06-12 18:00,4,73,0.6,5.8,235
22104,2018-06-12 19:00,4,87,0.6,5.3,214
22104,2018-06-12 20:00,4.6,87,0.5,6.4,224
22104,2018-06-12 21:00,4.3,88,0.5,5.8,178
22104,2018-06-12 22:00,4.2,78,0.5,6.4,100
22104,2018-06-12 23:00,4.7,85,0.4,6.4,85
22104,2018-06-13 0:00,4.3,71,0.5,7.1,75
22104,2018-06-13 1:00,3.5,75,0.6,9.1,231
22104,2018-06-13 2:00,3,88,0.5,6.4,94
22104,2018-06-13 3:00,3.4,99,0.5,6.4,103
22104,2018-06-13 4:00,2.9,90,0.5,6.4,212
22104,2018-06-13 5:00,3.6,82,0.5,6.4,231
22104,2018-06-13 6:00,4.7,79,0.5,5.8,229
22104,2018-06-13 7:00,2.8,64,0.4,5.8,220
22104,2018-06-13 8:00,4.8,35,0.5,5.8,165
22104,2018-06-13 9:00,5.5,70,0.4,4.9,185
22104,2018-06-13 10:00,5.7,76,0.4,5.3,216
22104,2018-06-13 11:00,5.1,70,0.4,5.8,203
22104,2018-06-13 12:00,4.8,78,0.4,5.8,203
22104,2018-06-13 13:00,4.8,73,0.4,6.4,208
22104,2018-06-13 14:00,5.1,79,0.5,9.1,3
22104,2018-06-13 15:00,5.7,87,0.5,9.1,11
22104,2018-06-13 16:00,6.8,87,0.5,5.3,224
22104,2018-06-13 17:00,7.4,74,0.6,5.8,234
22104,2018-06-13 18:00,7.6,75,0.6,3,230
22104,2018-06-13 19:00,7.7,79,0.6,3.2,236
22104,2018-06-13 20:00,9.3,72,0.7,6.4,216
22104,2018-06-13 21:00,8.3,83,0.7,3.6,212
22104,2018-06-13 22:00,7.7,71,0.6,3.8,196
22104,2018-06-13 23:00,7.6,69,0.7,4,128
22104,2018-06-14 0:00,7.9,60,0.7,4.3,118
22104,2018-06-14 1:00,7.7,40,0.8,8,283
22104,2018-06-14 2:00,8.1,60,0.8,8,225
22104,2018-06-14 3:00,8.7,64,0.8,4.3,222
22104,2018-06-14 4:00,8.8,86,0.9,4.6,214
22104,2018-06-14 5:00,8.5,74,0.8,4.6,224
22104,2018-06-14 6:00,8.6,68,0.8,8,246
22104,2018-06-14 7:00,9.2,79,0.8,5.3,222
22104,2018-06-14 8:00,9,87,0.9,7.1,203
22104,2018-06-14 9:00,9.1,77,1.1,5.3,202
22104,2018-06-14 10:00,9.3,146,0.9,4.9,216
22104,2018-06-14 11:00,9.4,72,1,5.3,221
22104,2018-06-14 12:00,10.1,58,1,5.3,214
22104,2018-06-14 13:00,9.8,67,1.1,5.3,217
22104,2018-06-14 14:00,9.9,68,1.1,5.3,219
22104,2018-06-14 15:00,9.6,82,1.1,5.8,216
22104,2018-06-14 16:00,9.6,70,1.2,5.8,227
22104,2018-06-14 17:00,10,61,1.2,6.4,232
22104,2018-06-14 18:00,10.5,74,1.2,5.3,241
22104,2018-06-14 19:00,10.8,66,1.3,5.3,236
22104,2018-06-14 20:00,11.6,66,1.3,9.1,229
22104,2018-06-14 21:00,11.3,72,1.4,4.9,214
22104,2018-06-14 22:00,12.1,42,1.2,5.3,235
22104,2018-06-14 23:00,11.9,74,1.3,5.3,222
22104,2018-06-15 0:00,9,81,1.3,4.9,239
22104,2018-06-15 1:00,10.8,73,1.3,6.4,222
22104,2018-06-15 2:00,10.8,59,1.3,7.1,222
22104,2018-06-15 3:00,10.5,47,1.4,6.4,232
22104,2018-06-15 4:00,11.4,58,1.6,6.4,242
22104,2018-06-15 5:00,11.4,52,1.7,8,250
22104,2018-06-15 6:00,11.5,57,1.5,6.4,246
22104,2018-06-15 7:00,10.1,38,1.6,7.1,249
22104,2018-06-15 8:00,11.2,50,1.4,7.1,239
22104,2018-06-15 9:00,11.5,52,1.4,6.4,229
22104,2018-06-15 10:00,12.3,36,1.4,7.1,239
22104,2018-06-15 11:00,12.1,50,1.5,8,241
22104,2018-06-15 12:00,12.2,72,1.8,7.1,237
22104,2018-06-15 13:00,12.1,60,1.5,7.1,220
22104,2018-06-15 14:00,12.2,51,1.7,7.1,210
22104,2018-06-15 15:00,12.7,80,1.6,6.4,216
22104,2018-06-15 16:00,12.3,54,1.7,7.1,238
22104,2018-06-15 17:00,12.4,54,1.8,6.4,228
22104,2018-06-15 18:00,12.4,59,1.6,7.1,235
22104,2018-06-15 19:00,13.3,49,1.8,6.4,237
22104,2018-06-15 20:00,13.3,80,1.8,6.4,234
22104,2018-06-15 21:00,13.3,62,1.8,6.4,228
22104,2018-06-15 22:00,12.6,60,1.8,8,223
22104,2018-06-15 23:00,11.9,64,1.7,7.1,215
22104,2018-06-16 0:00,9.3,114,1.5,7.1,226
22104,2018-06-16 1:00,10.9,65,1.6,9.1,223
22104,2018-06-16 2:00,11.1,62,1.5,6.4,224
22104,2018-06-16 3:00,9.5,66,1.6,7.1,241
22104,2018-06-16 4:00,11.3,69,1.7,8,228
22104,2018-06-16 5:00,11.8,56,1.5,7.1,247
22104,2018-06-16 6:00,10.4,57,1.7,7.1,247
22104,2018-06-16 7:00,11.7,35,1.6,8,235
22104,2018-06-16 8:00,10.8,54,1.8,8,240
22104,2018-06-16 9:00,10.5,48,1.7,6.4,224
22104,2018-06-16 10:00,10.1,68,1.5,7.1,235
22104,2018-06-16 11:00,10.4,46,1.4,7.1,244
22104,2018-06-16 12:00,10.7,61,1.4,7.1,228
22104,2018-06-16 13:00,10,66,1.2,8,204
22104,2018-06-16 14:00,10.3,64,1.2,6.4,231
22104,2018-06-16 15:00,10.1,59,1.2,8,224
22104,2018-06-16 16:00,10.9,48,1.3,7.1,222
22104,2018-06-16 17:00,11.5,42,1.3,7.1,228
22104,2018-06-16 18:00,10.6,66,1.4,5.8,236
22104,2018-06-16 19:00,10.2,64,1.3,6.4,232
22104,2018-06-16 20:00,10.6,55,1.2,6.4,239
22104,2018-06-16 21:00,10.3,64,1.1,4.9,232
22104,2018-06-16 22:00,9.8,59,1.1,7.1,230
22104,2018-06-16 23:00,9.6,70,1,7.1,229
22104,2018-06-17 0:00,8.3,117,1,4,213
22104,2018-06-17 1:00,6.4,16,1,4.6,152
22104,2018-06-17 2:00,7.8,52,0.8,4.9,217
22104,2018-06-17 3:00,5.8,106,0.9,7.1,206
22104,2018-06-17 4:00,8.2,52,0.8,4,212
22104,2018-06-17 5:00,7.9,65,0.9,8,220
22104,2018-06-17 6:00,8.1,75,0.8,7.1,216
22104,2018-06-17 7:00,6.8,74,0.8,8,226
22104,2018-06-17 8:00,7.2,57,0.8,8,232
22104,2018-06-17 9:00,7.2,45,0.8,7.1,247
22104,2018-06-17 10:00,7,49,0.8,7.1,242
22104,2018-06-17 11:00,7.4,52,0.8,8,237
22104,2018-06-17 12:00,8.3,60,0.8,8,193
22104,2018-06-17 13:00,8,64,0.9,8,210
22104,2018-06-17 14:00,7.2,70,0.8,8,206
22104,2018-06-17 15:00,5.5,85,0.8,7.1,214
22104,2018-06-17 16:00,5.1,55,0.8,4.6,221
22104,2018-06-17 17:00,5.1,73,0.8,7.1,210
22104,2018-06-17 18:00,3.4,43,0.7,7.1,213
22104,2018-06-17 19:00,5.8,60,0.7,7.1,229
22104,2018-06-17 20:00,2.3,53,0.8,7.1,246
22104,2018-06-17 21:00,3.6,75,0.7,7.1,238
22104,2018-06-17 22:00,4.6,77,0.7,6.4,247
22104,2018-06-17 23:00,4.6,58,0.6,7.1,235
22104,2018-06-18 0:00,3.5,46,0.6,8,260
22104,2018-06-18 1:00,3.5,39,0.5,7.1,248
22104,2018-06-18 2:00,4.6,18,0.6,9.1,5
22104,2018-06-18 3:00,4.7,34,0.5,8,292
22104,2018-06-18 4:00,4.3,30,0.5,8,111
22104,2018-06-18 5:00,4.5,28,0.5,8,116
22104,2018-06-18 6:00,3.5,50,0.5,8,216
22104,2018-06-18 7:00,3.8,33,0.5,7.1,216
22104,2018-06-18 8:00,4.7,52,0.5,7.1,232
22104,2018-06-18 9:00,4,58,0.5,7.1,236
22104,2018-06-18 10:00,5,69,0.5,7.1,208
22104,2018-06-18 11:00,4.6,85,0.5,7.1,202
22104,2018-06-18 12:00,3.4,356,0.5,7.1,139
22104,2018-06-18 13:00,3.4,61,0.5,7.1,91
22104,2018-06-18 14:00,2.7,90,0.4,7.1,113
22104,2018-06-18 15:00,0.9,358,0.4,7.1,78
22104,2018-06-18 16:00,1.9,3,0.4,8,173
22104,2018-06-18 17:00,0.6,23,0.4,7.1,260
22104,2018-06-18 18:00,0.4,168,0.4,9.1,270
22104,2018-06-18 19:00,1.9,189,0.4,6.4,103
22104,2018-06-18 20:00,1.8,189,0.4,6.4,153
22104,2018-06-18 21:00,2.5,222,0.4,9.1,307
22104,2018-06-18 22:00,4.1,217,0.4,9.1,314
22104,2018-06-18 23:00,3.3,213,0.4,8,308
22104,2018-06-19 0:00,4.2,124,0.4,8,198
22104,2018-06-19 1:00,2.6,221,0.4,8,186
22104,2018-06-19 2:00,4.8,192,0.4,8,206
22104,2018-06-19 3:00,3.5,228,0.3,8,210
22104,2018-06-19 4:00,5.4,211,0.4,8,226
22104,2018-06-19 5:00,4.8,216,0.3,7.1,136
22104,2018-06-19 6:00,2.9,206,0.3,7.1,175
22104,2018-06-19 7:00,2.9,220,0.3,8,189
22104,2018-06-19 8:00,2.7,225,0.3,8,196
22104,2018-06-19 9:00,2,229,0.4,8,195
22104,2018-06-19 10:00,2.3,235,0.3,7.1,179
22104,2018-06-19 11:00,2.7,210,0.4,8,148
22104,2018-06-19 12:00,2.6,191,0.3,8,164
22104,2018-06-19 13:00,4.4,207,0.3,8,206
22104,2018-06-19 14:00,2.2,226,0.3,7.1,198
22104,2018-06-19 15:00,3.3,240,0.3,8,215
22104,2018-06-19 16:00,3.6,240,0.3,8,230
22104,2018-06-19 17:00,4,229,0.3,8,241
22104,2018-06-19 18:00,3.8,214,0.3,7.1,245
22104,2018-06-19 19:00,1.8,248,0.3,7.1,218
22104,2018-06-19 20:00,2,239,0.2,4.6,8
22104,2018-06-19 21:00,1.3,212,0.2,8,206
22104,2018-06-19 22:00,1.6,284,0.2,8,149
22104,2018-06-19 23:00,1.3,26,0.3,4.3,45
22104,2018-06-20 0:00,3.3,350,0.3,4.6,86
22104,2018-06-20 1:00,2,312,0.3,4.3,111
22104,2018-06-20 2:00,2.7,321,0.3,4.3,118
22104,2018-06-20 3:00,0.6,289,0.2,4,180
22104,2018-06-20 4:00,2.1,243,0.2,8,213
22104,2018-06-20 5:00,2.4,263,0.2,7.1,221
22104,2018-06-20 6:00,2.6,283,0.2,7.1,208
22104,2018-06-20 7:00,2.9,302,0.3,7.1,204
22104,2018-06-20 8:00,0.8,303,0.3,7.1,211
22104,2018-06-20 9:00,1.9,327,0.3,7.1,205
22104,2018-06-20 10:00,0.2,276,0.3,4.9,199
22104,2018-06-20 11:00,1.1,300,0.4,7.1,163
22104,2018-06-20 12:00,0.5,233,0.4,7.1,165
22104,2018-06-20 13:00,1.8,232,0.3,7.1,202
22104,2018-06-20 14:00,2.1,222,0.4,8,218
22104,2018-06-20 15:00,1.6,234,0.4,7.1,215
22104,2018-06-20 16:00,3.1,239,0.5,8,229
22104,2018-06-20 17:00,3.6,227,0.5,6.4,220
22104,2018-06-20 18:00,3.3,231,0.4,7.1,223
22104,2018-06-20 19:00,3.7,238,0.4,7.1,214
22104,2018-06-20 20:00,3.4,216,0.5,6.4,211
22104,2018-06-20 21:00,3.7,231,0.4,7.1,206
22104,2018-06-20 22:00,4,208,0.4,7.1,223
22104,2018-06-20 23:00,3.5,230,0.4,7.1,208
22104,2018-06-21 0:00,2.5,214,0.4,7.1,201
22104,2018-06-21 1:00,3.2,245,0.4,7.1,159
22104,2018-06-21 2:00,2.1,266,0.4,7.1,167
22104,2018-06-21 3:00,1.3,261,0.5,7.1,165
22104,2018-06-21 4:00,1.3,233,0.5,7.1,193
22104,2018-06-21 5:00,0.3,259,0.7,7.1,207
22104,2018-06-21 6:00,0.6,26,0.6,8,218
22104,2018-06-21 7:00,0.7,89,0.7,8,214
22104,2018-06-21 8:00,1.3,39,1,8,210
22104,2018-06-21 9:00,1.9,314,0.9,9.1,226
22104,2018-06-21 10:00,1.4,61,0.8,9.1,215
22104,2018-06-21 11:00,1.4,206,0.9,9.1,236
22104,2018-06-21 12:00,2.6,208,0.9,8,236
22104,2018-06-21 13:00,2.5,219,1,9.1,232
22104,2018-06-21 14:00,4,213,0.9,8,216
22104,2018-06-21 15:00,4.9,219,0.8,9.1,215
22104,2018-06-21 16:00,5,239,0.8,9.1,208
22104,2018-06-21 17:00,5.8,222,0.7,9.1,219
22104,2018-06-21 18:00,5.1,220,0.7,8,234
22104,2018-06-21 19:00,5.6,225,0.7,8,230
22104,2018-06-21 20:00,4.9,227,0.7,8,224
22104,2018-06-21 21:00,4.8,231,0.7,8,222
22104,2018-06-21 22:00,6.4,221,0.6,8,217
22104,2018-06-21 23:00,4.1,237,0.6,8,208
22104,2018-06-22 0:00,3.9,227,0.7,8,203
22104,2018-06-22 1:00,1.5,198,0.6,8,178
22104,2018-06-22 2:00,2.1,156,0.7,8,178
22104,2018-06-22 3:00,2.2,180,0.6,8,201
22104,2018-06-22 4:00,1.8,309,0.6,8,209
22104,2018-06-22 5:00,1.4,356,0.6,8,231
22104,2018-06-22 6:00,2.3,354,0.6,8,218
22104,2018-06-22 7:00,2.2,19,0.6,8,218
22104,2018-06-22 8:00,1.9,4,0.5,8,217
22104,2018-06-22 9:00,2.5,10,0.5,8,230
22104,2018-06-22 10:00,0.7,34,0.5,6.4,222
22104,2018-06-22 11:00,0.9,80,0.6,8,233
22104,2018-06-22 12:00,1.1,116,0.5,8,237
22104,2018-06-22 13:00,0.2,66,0.6,4,215
22104,2018-06-22 14:00,0.4,299,0.5,8,261
22104,2018-06-22 15:00,1.2,322,0.4,8,259
22104,2018-06-22 16:00,1.2,271,0.5,7.1,228
22104,2018-06-22 17:00,0.7,15,0.5,7.1,233
22104,2018-06-22 18:00,1,101,0.4,7.1,225
22104,2018-06-22 19:00,1.5,99,0.5,8,234
22104,2018-06-22 20:00,1.6,138,0.4,7.1,240
22104,2018-06-22 21:00,1.3,229,0.5,7.1,228
22104,2018-06-22 22:00,1.8,301,0.4,7.1,230
22104,2018-06-22 23:00,0.1,244,0.3,7.1,219
22104,2018-06-23 0:00,1.4,17,0.3,8,188
22104,2018-06-23 1:00,0.8,308,0.4,7.1,183
22104,2018-06-23 2:00,2.9,347,0.3,7.1,195
22104,2018-06-23 3:00,2,355,0.4,7.1,65
22104,2018-06-23 4:00,3,168,0.4,7.1,69
22104,2018-06-23 5:00,1.3,209,0.3,6.4,95
22104,2018-06-23 6:00,2.7,268,0.3,7.1,93
22104,2018-06-23 7:00,4,237,0.3,7.1,104
22104,2018-06-23 8:00,7,236,0.4,7.1,102
22104,2018-06-23 9:00,7.9,230,0.4,7.1,127
22104,2018-06-23 10:00,7.3,238,0.4,7.1,106
22104,2018-06-23 11:00,6.8,257,0.4,7.1,97
22104,2018-06-23 12:00,6.1,250,0.4,7.1,110
22104,2018-06-23 13:00,5.2,236,0.3,7.1,121
22104,2018-06-23 14:00,5.7,228,0.3,7.1,199
22104,2018-06-23 15:00,6.9,240,0.3,3.8,205
22104,2018-06-23 16:00,7.3,240,0.4,3.4,196
22104,2018-06-23 17:00,6,234,0.4,3.4,229
22104,2018-06-23 18:00,5.4,234,0.3,3,223
22104,2018-06-23 19:00,6.4,235,0.4,3.6,206
22104,2018-06-23 20:00,7.2,250,0.4,3.4,237
22104,2018-06-23 21:00,6.5,226,0.5,3.6,250
22104,2018-06-23 22:00,5.8,224,0.4,3.8,254
22104,2018-06-23 23:00,6.6,216,0.4,4,260
22104,2018-06-24 0:00,5.8,218,0.4,4,249
22104,2018-06-24 1:00,6.2,242,0.4,4.3,230
22104,2018-06-24 2:00,4.8,246,0.4,4.6,214
22104,2018-06-24 3:00,3.4,242,0.3,4.3,225
22104,2018-06-24 4:00,2.9,246,0.4,4.3,227
22104,2018-06-24 5:00,4.3,247,0.4,4.6,210
22104,2018-06-24 6:00,2.7,262,0.4,4.6,230
22104,2018-06-24 7:00,1.9,314,0.4,4.6,239
22104,2018-06-24 8:00,1.8,198,0.4,3.4,223
22104,2018-06-24 9:00,2.9,196,0.4,4,238
22104,2018-06-24 10:00,4.2,232,0.4,4.6,237
22104,2018-06-24 11:00,5,230,0.3,4,244
22104,2018-06-24 12:00,6.2,238,0.4,4.3,214
22104,2018-06-24 13:00,7.3,232,0.4,4.9,214
22104,2018-06-24 14:00,6.2,204,0.4,4.6,231
22104,2018-06-24 15:00,8.2,225,0.4,2.8,239
22104,2018-06-24 16:00,8.1,243,0.5,3.6,207
22104,2018-06-24 17:00,7.8,257,0.5,7.1,188
22104,2018-06-24 18:00,6.2,244,0.5,8,187
22104,2018-06-24 19:00,5.5,195,0.5,7.1,190
22104,2018-06-24 20:00,6.8,206,0.5,7.1,212
22104,2018-06-24 21:00,7.5,215,0.6,7.1,218
22104,2018-06-24 22:00,6.9,210,0.5,7.1,225
22104,2018-06-24 23:00,5.6,211,0.6,7.1,215
22104,2018-06-25 0:00,5.3,213,0.5,7.1,216
22104,2018-06-25 1:00,5.9,214,0.5,6.4,210
22104,2018-06-25 2:00,6.6,215,0.5,6.4,191
22104,2018-06-25 3:00,6.6,213,0.5,7.1,194
22104,2018-06-25 4:00,6.3,231,0.6,6.4,200
22104,2018-06-25 5:00,4.5,226,0.5,7.1,197
22104,2018-06-25 6:00,4.3,202,0.6,6.4,221
22104,2018-06-25 7:00,3.7,216,0.5,6.4,232
22104,2018-06-25 8:00,3.7,218,0.5,7.1,230
22104,2018-06-25 9:00,4.1,204,0.5,7.1,252
22104,2018-06-25 10:00,3.8,208,0.5,6.4,245
22104,2018-06-25 11:00,5.3,201,0.5,7.1,214
22104,2018-06-25 12:00,5,211,0.4,6.4,240
22104,2018-06-25 14:00,6.8,215,0.4,7.1,227
22104,2018-06-25 15:00,5.9,214,0.4,7.1,220
22104,2018-06-25 16:00,6.2,213,0.4,6.4,227
22104,2018-06-25 17:00,5.8,207,0.4,7.1,228
22104,2018-06-25 18:00,4.9,223,0.4,7.1,221
22104,2018-06-25 19:00,4.6,210,0.4,6.4,211
22104,2018-06-25 20:00,4.6,218,0.4,6.4,215
22104,2018-06-25 21:00,4.5,239,0.4,6.4,217
22104,2018-06-25 22:00,4.2,228,0.4,6.4,219
22104,2018-06-25 23:00,2.5,204,0.3,5.8,229
22104,2018-06-26 0:00,3.3,218,0.4,6.4,223
22104,2018-06-26 1:00,2.7,216,0.3,5.8,215
22104,2018-06-26 2:00,2.7,220,0.3,6.4,209
22104,2018-06-26 3:00,1.9,143,0.3,5.8,204
22104,2018-06-26 4:00,0.6,152,0.3,6.4,221
22104,2018-06-26 5:00,0.8,165,0.3,5.8,201
22104,2018-06-26 6:00,0.7,280,0.3,5.8,213
22104,2018-06-26 7:00,0.5,140,0.3,5.8,230
22104,2018-06-26 8:00,4.8,189,0.4,5.8,247
22104,2018-06-26 9:00,5.6,200,0.4,5.8,245
22104,2018-06-26 10:00,6.2,192,0.5,5.8,251
22104,2018-06-26 11:00,5.5,197,0.5,2.9,238
22104,2018-06-26 12:00,6.7,201,0.5,3.2,214
22104,2018-06-26 13:00,8.4,207,0.5,5.8,232
22104,2018-06-26 14:00,8,209,0.6,4,220
22104,2018-06-26 15:00,7.8,212,0.7,4.3,219
22104,2018-06-26 16:00,7.8,192,0.8,4.6,209
22104,2018-06-26 17:00,8.6,197,0.9,4.6,224
22104,2018-06-26 18:00,9.9,207,1,4.6,227
22104,2018-06-26 19:00,10.5,212,1,4.9,212
22104,2018-06-26 20:00,10.8,214,1.1,4.9,203
22104,2018-06-26 21:00,11.6,215,1.1,5.3,221
22104,2018-06-26 22:00,12.5,218,1.3,5.8,221
22104,2018-06-26 23:00,11.3,218,1.2,5.3,200
22104,2018-06-27 0:00,11.4,214,1.2,6.4,231
22104,2018-06-27 1:00,10.6,213,1.1,5.3,212
22104,2018-06-27 2:00,10.8,208,1.3,5.8,201
22104,2018-06-27 3:00,11.8,210,1.5,6.4,221
22104,2018-06-27 4:00,11.5,216,1.3,5.8,217
22104,2018-06-27 5:00,10.4,216,1.5,7.1,216
22104,2018-06-27 6:00,11.3,235,1.6,6.4,228
22104,2018-06-27 7:00,10.9,206,1.6,5.8,213
22104,2018-06-27 8:00,12.1,231,1.9,6.4,225
22104,2018-06-27 9:00,13.1,224,2,7.1,224
22104,2018-06-27 10:00,11.4,221,1.8,7.1,224
22104,2018-06-27 11:00,9.9,219,1.6,7.1,228
22104,2018-06-27 12:00,10,212,1.4,6.4,217
22104,2018-06-27 13:00,8.3,221,1.3,7.1,214
22104,2018-06-27 14:00,9.9,220,1.3,8,220
22104,2018-06-27 15:00,6.4,246,1.1,7.1,213
22104,2018-06-27 16:00,8.2,214,1.2,8,226
22104,2018-06-27 17:00,6.5,233,1,8,211
22104,2018-06-27 18:00,7.6,223,1.2,8,218
22104,2018-06-27 19:00,5.9,219,1.1,6.4,200
22104,2018-06-27 20:00,6.6,217,1.3,7.1,225
22104,2018-06-27 21:00,5.2,212,1.1,6.4,231
22104,2018-06-27 22:00,3.1,210,1.1,5.3,229
22104,2018-06-27 23:00,5.4,220,1,7.1,226
22104,2018-06-28 0:00,6.2,218,0.9,7.1,242
22104,2018-06-28 1:00,5.9,221,0.9,6.4,227
22104,2018-06-28 2:00,6.6,224,0.9,6.4,212
22104,2018-06-28 3:00,6.6,221,0.8,7.1,227
22104,2018-06-28 4:00,5.8,267,0.8,6.4,210
22104,2018-06-28 5:00,5.8,230,0.8,4.6,184
22104,2018-06-28 6:00,3.3,203,0.8,7.1,209
22104,2018-06-28 7:00,7.3,211,0.9,6.4,210
22104,2018-06-28 8:00,6.5,19,0.9,5.8,78
22104,2018-06-28 9:00,3,119,1.1,7.1,128
22104,2018-06-28 10:00,7.3,42,1.2,6.4,139
22104,2018-06-28 11:00,4,78,1.4,5.8,262
22104,2018-06-28 12:00,2.3,80,1.2,6.4,230
22104,2018-06-28 13:00,3.3,169,1.3,7.1,244
22104,2018-06-28 14:00,8.4,230,1.3,7.1,214
22104,2018-06-28 15:00,7.2,217,1.2,7.1,211
22104,2018-06-28 16:00,7.1,213,1,7.1,205
22104,2018-06-28 17:00,4.3,216,1,7.1,201
22104,2018-06-28 18:00,3.7,239,1,8,196
22104,2018-06-28 19:00,6.2,248,1.2,7.1,192
22104,2018-06-28 20:00,4.5,207,1,7.1,110
22104,2018-06-28 21:00,4.8,230,1.2,7.1,173
22104,2018-06-28 22:00,6,229,1.1,7.1,206
22104,2018-06-28 23:00,5.2,214,1.1,7.1,218
22104,2018-06-29 0:00,4,200,1,6.4,224
22104,2018-06-29 1:00,2.2,154,0.9,7.1,234
22104,2018-06-29 2:00,4.7,187,0.8,5.8,218
22104,2018-06-29 3:00,3.9,187,0.8,6.4,240
22104,2018-06-29 4:00,3.5,156,0.8,6.4,235
22104,2018-06-29 5:00,2.8,184,0.8,6.4,239
22104,2018-06-29 6:00,2.5,217,0.7,6.4,232
22104,2018-06-29 7:00,2.8,195,0.8,7.1,210
22104,2018-06-29 8:00,7.2,209,1,6.4,217
22104,2018-06-29 9:00,3.9,220,1,6.4,218
22104,2018-06-29 10:00,3.2,230,1,7.1,243
22104,2018-06-29 11:00,4.6,204,0.9,7.1,231
22104,2018-06-29 12:00,3.7,207,0.8,7.1,237
22104,2018-06-29 13:00,2,214,0.8,7.1,230
22104,2018-06-29 14:00,3.9,198,0.9,7.1,225
22104,2018-06-29 15:00,3.6,203,0.8,6.4,222
22104,2018-06-29 16:00,2.2,202,0.8,7.1,223
22104,2018-06-29 17:00,1.9,231,0.8,7.1,147
22104,2018-06-29 18:00,3.2,217,0.8,7.1,119
22104,2018-06-29 19:00,5.6,189,0.7,7.1,348
22104,2018-06-29 20:00,5.6,190,0.6,7.1,243
22104,2018-06-29 21:00,4.4,200,0.6,7.1,241
22104,2018-06-29 22:00,4.7,204,0.6,7.1,234
22104,2018-06-29 23:00,3.8,221,0.8,6.4,236
22104,2018-06-30 0:00,2.9,234,0.7,5.8,235
22104,2018-06-30 1:00,3,215,0.7,6.4,224
22104,2018-06-30 2:00,1.1,281,0.6,5.8,231
22104,2018-06-30 3:00,0.7,181,0.6,5.8,216
22104,2018-06-30 4:00,2.4,168,0.6,6.4,216
22104,2018-06-30 5:00,5.2,196,0.6,6.4,218
22104,2018-06-30 6:00,1.9,282,0.6,6.4,208
22104,2018-06-30 7:00,1.1,330,0.7,6.4,237
22104,2018-06-30 8:00,0.4,171,0.6,5.8,232
22104,2018-06-30 9:00,1.1,46,0.7,6.4,229
22104,2018-06-30 10:00,2.9,314,0.6,6.4,228
22104,2018-06-30 11:00,1.5,222,0.5,5.8,228
22104,2018-06-30 12:00,2.7,96,0.5,5.3,234
22104,2018-06-30 13:00,5.2,97,0.4,4.9,238
22104,2018-06-30 14:00,7.1,75,0.5,6.4,261
22104,2018-06-30 15:00,7.6,336,0.5,3.4,192
22104,2018-06-30 16:00,8,68,0.6,3.4,209
22104,2018-06-30 17:00,7.5,69,0.6,4,284
22104,2018-06-30 18:00,6.4,71,0.5,3.4,215
22104,2018-06-30 19:00,6,76,0.5,8,22
22104,2018-06-30 20:00,7.4,85,0.5,4.9,7
22104,2018-06-30 21:00,4.5,91,0.5,7.1,5
22104,2018-06-30 22:00,6.1,82,0.5,6.4,334
22104,2018-06-30 23:00,6.4,95,0.5,6.4,291
22104,2018-07-01 0:00,5.5,90,0.5,6.4,259
22104,2018-07-01 1:00,3.9,76,0.4,4.3,197
22104,2018-07-01 2:00,4.3,79,0.4,6.4,232
22104,2018-07-01 3:00,5.9,80,0.4,7.1,244
22104,2018-07-01 4:00,8.4,87,0.5,5.8,223
22104,2018-07-01 5:00,7.6,103,0.6,3.6,106
22104,2018-07-01 6:00,8,114,0.5,6.4,232
22104,2018-07-01 7:00,6.9,105,0.6,3.6,97
22104,2018-07-01 8:00,5,116,0.6,5.3,222
22104,2018-07-01 9:00,3.9,125,0.6,4.3,35
22104,2018-07-01 10:00,4.5,155,0.5,4.9,241
22104,2018-07-01 11:00,4.5,164,0.5,4.9,193
22104,2018-07-01 12:00,4.1,156,0.6,5.8,224
22104,2018-07-01 13:00,2.4,173,0.5,4.9,247
22104,2018-07-01 14:00,2,166,0.5,6.4,214
22104,2018-07-01 15:00,2.2,168,0.6,5.8,220
22104,2018-07-01 16:00,1.9,140,0.6,6.4,222
22104,2018-07-01 17:00,0.8,194,0.6,5.3,193
22104,2018-07-01 18:00,0.4,26,0.7,6.4,193
22104,2018-07-01 19:00,1.7,12,0.6,5.8,56
22104,2018-07-01 20:00,2.9,20,0.6,5.8,43
22104,2018-07-01 21:00,2.3,33,0.6,6.4,38
22104,2018-07-01 22:00,3.2,66,0.7,6.4,32
22104,2018-07-01 23:00,3.3,69,0.6,5.8,353
22104,2018-07-02 0:00,3.1,76,0.7,6.4,356
22104,2018-07-02 1:00,2.1,56,0.7,7.1,349
22104,2018-07-02 2:00,1.3,81,0.7,5.3,7
22104,2018-07-02 3:00,1.7,107,0.7,6.4,261
22104,2018-07-02 4:00,4.6,180,0.6,7.1,248
22104,2018-07-02 5:00,5.8,168,0.7,7.1,240
22104,2018-07-02 6:00,5.9,171,0.9,9.1,251
22104,2018-07-02 7:00,5.7,183,0.7,6.4,240
22104,2018-07-02 8:00,4.7,186,0.8,8,239
22104,2018-07-02 9:00,2.2,248,0.8,7.1,226
22104,2018-07-02 10:00,0.1,348,0.8,5.8,242
22104,2018-07-02 11:00,0,327,0.8,4.6,243
22104,2018-07-02 12:00,1.1,70,0.9,10.7,226
22104,2018-07-02 13:00,2,68,0.8,8,227
22104,2018-07-02 14:00,2.2,69,0.7,9.1,229
22104,2018-07-02 15:00,1.9,66,0.7,10.7,229
22104,2018-07-02 16:00,2.4,17,0.7,10.7,248
22104,2018-07-02 17:00,2.1,12,0.6,9.1,45
22104,2018-07-02 18:00,2.2,350,0.6,12.8,351
22104,2018-07-02 19:00,2.7,35,0.6,8,7
22104,2018-07-02 20:00,3.1,67,0.5,10.7,27
22104,2018-07-02 21:00,3.8,73,0.6,10.7,6
22104,2018-07-02 22:00,4.9,77,0.6,10.7,4
22104,2018-07-02 23:00,5.1,48,0.5,9.1,327
22104,2018-07-03 0:00,6.5,60,0.7,10.7,297
22104,2018-07-03 1:00,7.5,58,0.8,10.7,272
22104,2018-07-03 2:00,6.1,74,0.8,10.7,261
22104,2018-07-03 3:00,6.5,79,0.9,10.7,251
22104,2018-07-03 4:00,7.6,110,0.8,9.1,248
22104,2018-07-03 5:00,7.8,102,0.9,9.1,262
22104,2018-07-03 6:00,7.8,83,1,10.7,239
22104,2018-07-03 7:00,9.7,89,1,10.7,299
22104,2018-07-03 8:00,10.7,61,1.2,12.8,5
22104,2018-07-03 9:00,11.9,64,1.4,10.7,8
22104,2018-07-03 10:00,12.8,56,1.7,12.8,10
22104,2018-07-03 11:00,13,70,1.9,12.8,4
22104,2018-07-03 12:00,13.9,58,1.7,12.8,1
22104,2018-07-03 13:00,14.4,58,1.8,12.8,289
22104,2018-07-03 14:00,14.7,58,1.9,5.8,166
22104,2018-07-03 15:00,15.3,57,2.1,6.4,171
22104,2018-07-03 16:00,16.5,59,2.2,7.1,167
22104,2018-07-03 17:00,16.3,62,2.3,7.1,183
22104,2018-07-03 18:00,16.2,70,2.5,8,175
22104,2018-07-03 19:00,17.1,47,2.4,7.1,243
22104,2018-07-03 20:00,17.2,55,2.7,8,257
22104,2018-07-03 21:00,15.5,46,3,8,253
22104,2018-07-03 22:00,14,17,2.7,8,271
22104,2018-07-03 23:00,10,25,2.7,8,337
22104,2018-07-04 0:00,7.9,322,2.1,8,24
22104,2018-07-04 1:00,6.7,258,1.8,8,54
22104,2018-07-04 2:00,7.6,249,1.7,9.1,51
22104,2018-07-04 3:00,8,257,1.4,8,52
22104,2018-07-04 4:00,6.8,242,1.2,8,66
22104,2018-07-04 5:00,6.9,214,1.3,8,59
22104,2018-07-04 6:00,6.3,250,1.2,8,35
22104,2018-07-04 7:00,4.9,228,1.1,8,350
22104,2018-07-04 8:00,4.5,239,1.1,8,329
22104,2018-07-04 9:00,5.4,226,1,7.1,290
22104,2018-07-04 10:00,5.9,214,1.2,7.1,70
22104,2018-07-04 11:00,5.2,184,1,7.1,75
22104,2018-07-04 12:00,5.3,221,1,7.1,79
22104,2018-07-04 13:00,6.7,230,0.9,8,143
22104,2018-07-04 14:00,5.1,225,0.8,5.8,188
22104,2018-07-04 15:00,5.7,214,0.9,5.8,214
22104,2018-07-04 16:00,6.3,206,0.8,8,263
22104,2018-07-04 17:00,6.1,204,0.7,6.4,87
22104,2018-07-04 18:00,5.5,195,0.7,6.4,114
22104,2018-07-04 19:00,4.3,198,0.6,5.8,141
22104,2018-07-04 20:00,5.6,190,0.7,5.8,94
22104,2018-07-04 21:00,5.9,201,0.6,7.1,80
22104,2018-07-04 22:00,5.6,207,0.6,6.4,157
22104,2018-07-04 23:00,5.1,210,0.6,9.1,229
22104,2018-07-05 0:00,2.9,225,0.7,8,208
22104,2018-07-05 1:00,0.9,246,0.7,8,131
22104,2018-07-05 2:00,2.1,225,0.7,8,204
22104,2018-07-05 3:00,1.9,165,0.7,8,212
22104,2018-07-05 4:00,2.3,163,0.7,7.1,213
22104,2018-07-05 5:00,2.2,164,0.6,8,227
22104,2018-07-05 6:00,0.8,117,0.6,8,240
22104,2018-07-05 7:00,2.7,54,0.5,8,295
22104,2018-07-05 8:00,5.6,67,0.6,8,284
22104,2018-07-05 9:00,6,71,0.7,9.1,3
22104,2018-07-05 10:00,6.4,58,0.7,8,314
22104,2018-07-05 11:00,7.3,47,0.6,8,320
22104,2018-07-05 12:00,7.4,50,0.7,7.1,303
22104,2018-07-05 13:00,7,52,0.8,8,277
22104,2018-07-05 14:00,7.1,50,0.8,8,284
22104,2018-07-05 15:00,6.5,60,0.8,8,274
22104,2018-07-05 16:00,7.5,72,0.8,9.1,286
22104,2018-07-05 17:00,8,67,0.8,8,265
22104,2018-07-05 18:00,7.9,61,1,10.7,99
22104,2018-07-05 19:00,8.2,53,1.1,9.1,135
22104,2018-07-05 20:00,8.2,80,1.5,10.7,214
22104,2018-07-05 21:00,8.7,80,1.3,10.7,215
22104,2018-07-05 22:00,9.4,74,1.2,10.7,221
22104,2018-07-05 23:00,10.1,57,1.4,10.7,232
22104,2018-07-06 0:00,10.5,44,1.3,9.1,95
22104,2018-07-06 1:00,10.2,60,1.2,9.1,42
22104,2018-07-06 2:00,10.5,60,1.3,10.7,220
22104,2018-07-06 3:00,11.2,43,1.2,10.7,158
22104,2018-07-06 4:00,11.2,51,1.3,10.7,159
22104,2018-07-06 5:00,12.3,64,1.4,9.1,323
22104,2018-07-06 6:00,11.2,54,1.6,10.7,130
22104,2018-07-06 7:00,10.6,54,1.6,10.7,119
22104,2018-07-06 8:00,10.4,48,1.5,10.7,123
22104,2018-07-06 9:00,9.9,63,1.8,9.1,130
22104,2018-07-06 10:00,10.6,54,1.9,10.7,120
22104,2018-07-06 11:00,8.1,84,2,9.1,209
22104,2018-07-06 12:00,10,68,2,10.7,150
22104,2018-07-06 13:00,10.9,51,1.8,9.1,149
22104,2018-07-06 14:00,10.3,58,1.6,10.7,223
22104,2018-07-06 15:00,13.3,69,1.7,6.4,231
22104,2018-07-06 16:00,12.9,345,1.7,6.4,154
22104,2018-07-06 17:00,12.7,53,2,10.7,240
22104,2018-07-06 18:00,13.9,37,1.8,7.1,236
22104,2018-07-06 19:00,15,39,1.9,5.8,237
22104,2018-07-06 20:00,15.7,43,1.8,7.1,235
22104,2018-07-06 21:00,14.5,45,2,7.1,235
22104,2018-07-06 22:00,15.3,35,1.9,8,246
22104,2018-07-06 23:00,14,60,2,8,234
22104,2018-07-07 0:00,13.5,55,2.3,8,230
22104,2018-07-07 1:00,13.8,47,2.3,8,230
22104,2018-07-07 2:00,14.1,48,2.5,8,231
22104,2018-07-07 3:00,11.6,341,2.5,8,181
22104,2018-07-07 4:00,13,53,2.3,8,173
22104,2018-07-07 5:00,13.3,41,2.3,8,153
22104,2018-07-07 6:00,11.9,75,2.4,8,188
22104,2018-07-07 7:00,10,351,2.5,8,195
22104,2018-07-07 8:00,12.7,44,2.2,9.1,232
22104,2018-07-07 9:00,12.7,42,2.2,8,242
22104,2018-07-07 10:00,12.2,61,2.3,8,247
22104,2018-07-07 11:00,12.8,47,2.1,8,253
22104,2018-07-07 12:00,13,47,2.4,8,243
22104,2018-07-07 13:00,11.6,58,2.3,8,234
22104,2018-07-07 14:00,12.7,51,1.9,8,246
22104,2018-07-07 15:00,12.3,62,1.9,8,237
22104,2018-07-07 16:00,14.5,59,1.9,7.1,237
22104,2018-07-07 17:00,13.6,65,1.7,7.1,232
22104,2018-07-07 18:00,14.3,55,2.1,7.1,226
22104,2018-07-07 19:00,13.5,55,1.9,7.1,233
22104,2018-07-07 20:00,13.3,53,2,8,228
22104,2018-07-07 21:00,12.7,53,1.7,9.1,244
22104,2018-07-07 22:00,12.5,55,1.8,7.1,220
22104,2018-07-07 23:00,12.6,62,2.2,8,228
22104,2018-07-08 0:00,12.2,63,1.8,7.1,228
22104,2018-07-08 1:00,12.1,27,1.6,8,229
22104,2018-07-08 2:00,12.3,49,1.6,6.4,245
22104,2018-07-08 3:00,11.4,63,1.6,5.8,241
22104,2018-07-08 4:00,12.2,66,1.5,7.1,235
22104,2018-07-08 5:00,11.4,65,1.5,5.8,242
22104,2018-07-08 6:00,12.4,57,1.3,7.1,241
22104,2018-07-08 7:00,11.3,41,1.4,4.9,230
22104,2018-07-08 8:00,11.2,44,1.5,4.9,227
22104,2018-07-08 9:00,11.4,30,1.5,5.8,235
22104,2018-07-08 10:00,11.2,50,1.5,7.1,238
22104,2018-07-08 11:00,11.5,49,1.5,5.8,237
22104,2018-07-08 12:00,10.7,44,1.5,8,236
22104,2018-07-08 13:00,10.7,65,1.3,5.8,243
22104,2018-07-08 14:00,9.8,53,1.2,5.8,236
22104,2018-07-08 15:00,10.7,54,1.3,6.4,240
22104,2018-07-08 16:00,10.8,56,1.4,4.6,237
22104,2018-07-08 17:00,10.3,53,1.4,5.3,228
22104,2018-07-08 18:00,10.7,76,1.3,5.8,235
22104,2018-07-08 19:00,11.6,41,1.4,5.8,241
22104,2018-07-08 20:00,10.4,69,1.4,5.8,200
22104,2018-07-08 21:00,11.2,64,1.3,5.8,232
22104,2018-07-08 22:00,11.3,61,1.3,5.3,227
22104,2018-07-08 23:00,10.3,65,1.1,6.4,225
22104,2018-07-09 0:00,10,71,1.2,4.9,234
22104,2018-07-09 1:00,10.3,45,1.1,5.3,246
22104,2018-07-09 2:00,10.1,57,1.2,4.9,231
22104,2018-07-09 3:00,9.9,71,1.1,4.6,234
22104,2018-07-09 4:00,9.9,51,0.9,4.9,236
22104,2018-07-09 5:00,9,52,0.8,4,238
22104,2018-07-09 6:00,8.9,73,0.8,4.6,225
22104,2018-07-09 7:00,9.4,56,0.8,4.9,221
22104,2018-07-09 8:00,9.8,74,0.9,5.3,230
22104,2018-07-09 9:00,9.2,80,0.9,4.9,219
22104,2018-07-09 10:00,10.7,67,1,4.9,222
22104,2018-07-09 11:00,11.8,62,1,4.3,210
22104,2018-07-09 12:00,10.1,84,1.1,5.3,211
22104,2018-07-09 13:00,9.7,64,1,4.6,139
22104,2018-07-09 14:00,9,58,1,4,128
22104,2018-07-09 15:00,9.6,74,1,4.6,131
22104,2018-07-09 16:00,10.1,77,1.1,4.9,140
22104,2018-07-09 17:00,9.6,78,0.9,5.3,219
22104,2018-07-09 18:00,10.2,87,1,4.9,212
22104,2018-07-09 19:00,10,79,1,4.9,205
22104,2018-07-09 20:00,9.1,68,1,4.9,228
22104,2018-07-09 21:00,8.9,58,1,5.3,213
22104,2018-07-09 22:00,8.5,57,0.9,4.9,217
22104,2018-07-09 23:00,8.6,56,0.8,4.9,236
22104,2018-07-10 0:00,8.4,60,0.8,4.9,226
22104,2018-07-10 1:00,8.1,59,0.8,4.9,212
22104,2018-07-10 2:00,7.3,57,0.7,4.9,220
22104,2018-07-10 3:00,7.2,65,0.7,4.3,215
22104,2018-07-10 4:00,7.1,54,0.7,4,215
22104,2018-07-10 5:00,7,62,0.7,4.3,221
22104,2018-07-10 6:00,6.6,54,0.7,4.3,224
22104,2018-07-10 7:00,6.4,75,0.6,4.3,224
22104,2018-07-10 8:00,6.8,70,0.6,4.3,229
22104,2018-07-10 9:00,4.8,55,0.6,4.6,226
22104,2018-07-10 10:00,5,50,0.6,4.3,233
22104,2018-07-10 11:00,5.5,44,0.5,4.6,230
22104,2018-07-10 12:00,5.3,39,0.5,4.3,231
22104,2018-07-10 13:00,4.4,55,0.5,4,247
22104,2018-07-10 14:00,4.7,62,0.5,4,229
22104,2018-07-10 15:00,4.4,72,0.4,5.8,229
22104,2018-07-10 16:00,4,74,0.5,8,13
22104,2018-07-10 17:00,2.6,42,0.4,5.8,36
22104,2018-07-10 18:00,2.2,38,0.4,12.8,336
22104,2018-07-10 19:00,1.9,42,0.5,12.8,343
22104,2018-07-10 20:00,1.2,35,0.4,12.8,31
22104,2018-07-10 21:00,2.3,342,0.4,10.7,125
22104,2018-07-10 22:00,2.9,10,0.4,12.8,105
22104,2018-07-10 23:00,3.1,24,0.4,6.4,2
22104,2018-07-11 0:00,4.2,65,0.3,10.7,114
22104,2018-07-11 1:00,3.3,66,0.4,5.8,93
22104,2018-07-11 2:00,3.2,356,0.4,12.8,281
22104,2018-07-11 3:00,3.7,27,0.4,5.8,5
22104,2018-07-11 4:00,2.4,357,0.4,8,89
22104,2018-07-11 5:00,1.7,18,0.3,12.8,85
22104,2018-07-11 6:00,3,352,0.4,12.8,62
22104,2018-07-11 7:00,1.6,11,0.4,10.7,53
22104,2018-07-11 8:00,2,9,0.4,12.8,117
22104,2018-07-11 9:00,1.5,20,0.4,12.8,129
22104,2018-07-11 10:00,1.4,0,0.5,12.8,117
22104,2018-07-11 11:00,0.6,36,0.4,6.4,86
22104,2018-07-11 12:00,0.7,62,0.4,12.8,70
22104,2018-07-11 13:00,0.9,62,0.4,6.4,322
22104,2018-07-11 14:00,0.8,146,0.4,7.1,321
22104,2018-07-11 15:00,1.1,162,0.4,7.1,300
22104,2018-07-11 16:00,1,192,0.4,12.8,300
22104,2018-07-11 17:00,2.9,194,0.4,10.7,288
22104,2018-07-11 18:00,1.8,222,0.5,10.7,291
22104,2018-07-11 19:00,3.1,215,0.5,10.7,275
22104,2018-07-11 20:00,3.1,220,0.6,10.7,213
22104,2018-07-11 21:00,3.1,222,0.6,10.7,199
22104,2018-07-11 22:00,2.8,221,0.5,10.7,194
22104,2018-07-11 23:00,3.8,242,0.6,10.7,176
22104,2018-07-12 0:00,3.4,222,0.7,10.7,161
22104,2018-07-12 1:00,1.4,250,0.7,9.1,152
22104,2018-07-12 2:00,2,219,0.7,9.1,174
22104,2018-07-12 3:00,3.4,210,0.7,10.7,194
22104,2018-07-12 4:00,4,216,0.9,10.7,195
22104,2018-07-12 5:00,3.6,235,0.8,10.7,193
22104,2018-07-12 6:00,3,245,0.8,9.1,182
22104,2018-07-12 7:00,2.8,261,1,10.7,168
22104,2018-07-12 8:00,2,259,0.9,10.7,205
22104,2018-07-12 9:00,1.7,234,0.9,10.7,224
22104,2018-07-12 10:00,2.5,232,0.8,10.7,209
22104,2018-07-12 11:00,4.2,232,0.8,10.7,221
22104,2018-07-12 12:00,3.8,208,0.9,10.7,222
22104,2018-07-12 13:00,3.9,211,0.9,10.7,231
22104,2018-07-12 14:00,3.9,209,0.8,10.7,220
22104,2018-07-12 15:00,5,208,1,10.7,222
22104,2018-07-12 16:00,4.9,206,1,10.7,227
22104,2018-07-12 17:00,4.9,210,0.9,10.7,229
22104,2018-07-12 18:00,3.4,210,1,9.1,217
22104,2018-07-12 19:00,4.5,240,0.9,9.1,208
22104,2018-07-12 20:00,4.5,230,0.7,9.1,199
22104,2018-07-12 21:00,4.6,219,0.8,9.1,207
22104,2018-07-12 22:00,5.1,224,0.9,9.1,208
22104,2018-07-12 23:00,5.2,221,0.8,9.1,219
22104,2018-07-13 0:00,6.8,239,0.9,9.1,209
22104,2018-07-13 1:00,6.6,237,1,9.1,204
22104,2018-07-13 2:00,5.6,244,0.9,9.1,201
22104,2018-07-13 3:00,5.2,241,1,9.1,206
22104,2018-07-13 4:00,5.1,241,0.8,9.1,202
22104,2018-07-13 5:00,5,245,0.8,9.1,199
22104,2018-07-13 6:00,4.9,235,0.8,9.1,212
22104,2018-07-13 7:00,3.5,223,0.8,9.1,224
22104,2018-07-13 8:00,5.2,216,0.7,9.1,227
22104,2018-07-13 9:00,4.9,234,0.6,9.1,230
22104,2018-07-13 10:00,3.9,225,0.7,9.1,240
22104,2018-07-13 11:00,4.2,224,0.6,8,243
22104,2018-07-13 12:00,3.9,220,0.5,8,236
22104,2018-07-13 13:00,4.9,191,0.6,8,233
22104,2018-07-13 14:00,5.4,202,0.6,8,240
22104,2018-07-13 15:00,5.3,214,0.5,8,225
22104,2018-07-13 16:00,5.3,219,0.5,8,213
22104,2018-07-13 17:00,5.3,218,0.6,8,208
22104,2018-07-13 18:00,5.6,212,0.4,8,213
22104,2018-07-13 19:00,5.5,211,0.5,9.1,202
22104,2018-07-13 20:00,6.7,221,0.5,8,206
22104,2018-07-13 21:00,5.7,231,0.5,8,214
22104,2018-07-13 22:00,5.9,230,0.5,7.1,205
22104,2018-07-13 23:00,6.8,231,0.5,7.1,215
22104,2018-07-14 0:00,5.7,245,0.5,7.1,203
22104,2018-07-14 1:00,4.6,239,0.4,7.1,208
22104,2018-07-14 2:00,3.8,236,0.3,7.1,195
22104,2018-07-14 3:00,3.5,248,0.4,8,215
22104,2018-07-14 4:00,3.7,237,0.3,7.1,228
22104,2018-07-14 5:00,3.8,233,0.4,7.1,220
22104,2018-07-14 6:00,3.1,223,0.3,7.1,229
22104,2018-07-14 7:00,2.8,249,0.3,7.1,214
22104,2018-07-14 8:00,2.6,253,0.3,7.1,147
22104,2018-07-14 9:00,1.9,256,0.3,7.1,104
22104,2018-07-14 10:00,2.5,229,0.3,7.1,144
22104,2018-07-14 11:00,3.7,202,0.3,7.1,132
22104,2018-07-14 12:00,3.7,219,0.3,5.8,31
22104,2018-07-14 13:00,4.5,209,0.3,6.4,121
22104,2018-07-14 14:00,5.1,212,0.3,6.4,109
22104,2018-07-14 15:00,5,222,0.3,7.1,108
22104,2018-07-14 16:00,5,211,0.3,6.4,129
22104,2018-07-14 17:00,6.5,215,0.3,2,337
22104,2018-07-14 18:00,5.4,289,0.3,6.4,191
22104,2018-07-14 19:00,5.7,218,0.3,7.1,215
22104,2018-07-14 20:00,5.6,229,0.3,7.1,220
22104,2018-07-14 21:00,5.2,228,0.3,6.4,223
22104,2018-07-14 22:00,4.9,219,0.3,6.4,219
22104,2018-07-14 23:00,3.8,225,0.3,5.8,239
22104,2018-07-15 0:00,4.2,224,0.3,3,298
22104,2018-07-15 1:00,3.4,225,0.2,6.4,228
22104,2018-07-15 2:00,4.7,218,0.2,5.8,261
22104,2018-07-15 3:00,4.9,232,0.2,5.8,263
22104,2018-07-15 4:00,2.9,250,0.3,5.8,250
22104,2018-07-15 5:00,2,253,0.2,4.9,106
22104,2018-07-15 6:00,2.3,224,0.2,5.8,194
22104,2018-07-15 7:00,2.3,237,0.3,5.8,34
22104,2018-07-15 8:00,1.7,241,0.2,5.8,233
22104,2018-07-15 9:00,1.8,251,0.2,5.8,261
22104,2018-07-15 10:00,3.6,212,0.2,5.8,244
22104,2018-07-15 11:00,3.8,207,0.2,5.3,238
22104,2018-07-15 12:00,3.6,205,0.2,4.3,227
22104,2018-07-15 13:00,3.9,206,0.2,5.8,234
22104,2018-07-15 14:00,4.1,202,0.3,5.8,222
22104,2018-07-15 15:00,5.1,214,0.2,5.3,227
22104,2018-07-15 16:00,4.9,207,0.2,5.8,204
22104,2018-07-15 17:00,5.3,218,0.2,5.8,194
22104,2018-07-15 18:00,5.2,218,0.2,6.4,224
22104,2018-07-15 19:00,5.3,222,0.3,3.8,15
22104,2018-07-15 20:00,5.4,229,0.3,5.8,191
22104,2018-07-15 21:00,5.2,240,0.3,7.1,206
22104,2018-07-15 22:00,2.3,275,0.2,5.8,192
22104,2018-07-15 23:00,3.4,229,0.2,5.3,190
22104,2018-07-16 0:00,3.2,222,0.2,5.3,216
22104,2018-07-16 1:00,4.4,220,0.2,7.1,216
22104,2018-07-16 2:00,3.9,224,0.2,6.4,229
22104,2018-07-16 3:00,2.4,228,0.2,4,73
22104,2018-07-16 4:00,2.2,196,0.2,6.4,231
22104,2018-07-16 5:00,3.9,221,0.2,5.8,217
22104,2018-07-16 6:00,3.9,234,0.2,5.8,65
22104,2018-07-16 7:00,2.6,245,0.2,5.8,233
22104,2018-07-16 8:00,2.4,203,0.2,5.8,228
22104,2018-07-16 9:00,1.8,219,0.2,4.9,220
22104,2018-07-16 10:00,2.4,257,0.2,4.9,316
22104,2018-07-16 11:00,3.5,206,,4.6,232
22104,2018-07-16 12:00,5.1,215,,6.4,235
22104,2018-07-16 13:00,5.6,221,,5.3,286
22104,2018-07-16 14:00,5.7,213,,5.3,67
22104,2018-07-16 15:00,6.1,214,,5.3,236
22104,2018-07-16 16:00,5.6,208,,5.3,211
22104,2018-07-16 17:00,5.5,211,,5.8,213
22104,2018-07-16 18:00,5.4,214,0.2,5.8,185
22104,2018-07-16 19:00,5,215,0.2,2.1,131
22104,2018-07-16 20:00,4.3,219,0.2,4.6,342
22104,2018-07-16 21:00,3.8,218,0.2,4.9,25
22104,2018-07-16 22:00,4.2,224,0.2,7.1,215
22104,2018-07-16 23:00,4.5,238,0.2,5.3,220
22104,2018-07-17 0:00,3.6,214,0.2,9.1,153
22104,2018-07-17 1:00,4.4,221,0.2,4.9,206
22104,2018-07-17 2:00,4.4,228,0.2,9.1,225
22104,2018-07-17 3:00,4,221,0.2,8,234
22104,2018-07-17 4:00,4.7,219,0.2,9.1,194
22104,2018-07-17 5:00,4.4,230,0.2,5.3,30
22104,2018-07-17 6:00,3.4,239,0.2,7.1,204
22104,2018-07-17 7:00,3.2,239,,6.4,150
22104,2018-07-17 8:00,1.9,223,,8,220
22104,2018-07-17 9:00,2.9,227,,9.1,235
22104,2018-07-17 10:00,1.9,204,,9.1,222
22104,2018-07-17 11:00,3.9,202,,4.3,58
22104,2018-07-17 12:00,4.6,201,,3.4,289
22104,2018-07-17 13:00,5.6,208,0.2,8,229
22104,2018-07-17 14:00,5.7,224,0.2,9.1,59
22104,2018-07-17 15:00,6.7,222,0.2,6.4,62
22104,2018-07-17 16:00,5.6,229,0.2,8,232
22104,2018-07-17 17:00,5.5,220,0.2,8,226
22104,2018-07-17 18:00,5.9,230,0.2,4.3,32
22104,2018-07-17 19:00,4.9,238,0.2,6.4,193
22104,2018-07-17 20:00,5.1,235,0.2,3.2,285
22104,2018-07-17 21:00,4.9,236,0.2,8,153
22104,2018-07-17 22:00,4.2,239,0.2,8,166
22104,2018-07-17 23:00,3.3,255,0.2,8,139
22104,2018-07-18 0:00,2.8,232,0.2,8,194
22104,2018-07-18 1:00,2.5,244,0.2,7.1,195
22104,2018-07-18 2:00,0.8,291,0.2,8,102
22104,2018-07-18 3:00,1.2,211,0.2,8,227
22104,2018-07-18 4:00,2.3,239,0.2,7.1,208
22104,2018-07-18 5:00,2.7,234,0.2,9.1,198
22104,2018-07-18 6:00,2.3,274,0.2,3.8,194
22104,2018-07-18 7:00,2.6,240,0.2,8,194
22104,2018-07-18 8:00,1.5,239,0.2,9.1,220
22104,2018-07-18 9:00,0.8,254,0.2,7.1,235
22104,2018-07-18 10:00,0,348,0.2,4,273
22104,2018-07-18 11:00,0.9,129,0.2,6.4,266
22104,2018-07-18 12:00,1.9,204,0.2,6.4,237
22104,2018-07-18 13:00,3.3,222,0.3,3.8,32
22104,2018-07-18 14:00,4.2,216,0.2,8,239
22104,2018-07-18 15:00,4.6,204,0.2,4.9,71
22104,2018-07-18 16:00,5.8,214,0.2,5.3,51
22104,2018-07-18 17:00,5.4,227,0.2,4.9,219
22104,2018-07-18 18:00,5.9,229,0.2,8,45
22104,2018-07-18 19:00,5.3,233,0.2,8,59
22104,2018-07-18 20:00,4.5,231,0.3,8,154
22104,2018-07-18 21:00,3.8,248,0.3,7.1,276
22104,2018-07-18 22:00,3.4,241,0.2,7.1,152
22104,2018-07-18 23:00,2.2,266,0.2,8,123
22104,2018-07-19 0:00,1.4,239,0.2,8,70
22104,2018-07-19 1:00,1.7,256,0.2,8,97
22104,2018-07-19 2:00,0.2,263,0.2,4,136
22104,2018-07-19 3:00,1.2,306,0.2,8,100
22104,2018-07-19 4:00,1.6,319,0.2,8,243
22104,2018-07-19 5:00,1.4,299,0.2,8,91
22104,2018-07-19 6:00,0.9,227,0.2,7.1,74
22104,2018-07-19 7:00,0,277,0.3,4.3,144
22104,2018-07-19 8:00,1.6,349,0.3,8,282
22104,2018-07-19 9:00,2,342,0.3,7.1,83
22104,2018-07-19 10:00,1.3,314,0.2,7.1,96
22104,2018-07-19 11:00,0.6,256,0.2,5.8,141
22104,2018-07-19 12:00,1.2,227,0.3,7.1,102
22104,2018-07-19 13:00,1.7,216,0.3,7.1,83
22104,2018-07-19 14:00,2.6,216,0.3,6.4,87
22104,2018-07-19 15:00,3.5,221,0.3,7.1,102
22104,2018-07-19 16:00,3.6,221,0.3,8,165
22104,2018-07-19 17:00,3.2,224,0.3,9.1,223
22104,2018-07-19 18:00,2.9,222,0.3,9.1,197
22104,2018-07-19 19:00,3.6,237,0.3,9.1,213
22104,2018-07-19 20:00,2.8,253,0.2,8,192
22104,2018-07-19 21:00,2.8,234,0.3,6.4,68
22104,2018-07-19 22:00,2.7,228,0.3,6.4,90
22104,2018-07-19 23:00,2.6,224,0.2,8,199
22104,2018-07-20 0:00,0.2,274,0.2,4.3,232
22104,2018-07-20 1:00,0.2,275,0.2,4.3,139
22104,2018-07-20 2:00,1.1,301,0.3,8,228
22104,2018-07-20 3:00,1.1,319,0.2,6.4,113
22104,2018-07-20 4:00,1.5,326,0.2,8,224
22104,2018-07-20 5:00,2.3,349,0.2,6.4,81
22104,2018-07-20 6:00,0.3,350,0.2,4.6,87
22104,2018-07-20 7:00,0.7,20,0.2,7.1,208
22104,2018-07-20 8:00,1.7,352,0.3,6.4,93
22104,2018-07-20 9:00,2.6,348,0.2,8,228
22104,2018-07-20 10:00,2.6,349,0.2,6.4,111
22104,2018-07-20 11:00,2.8,4,0.2,8,244
22104,2018-07-20 12:00,1.5,32,0.2,5.8,116
22104,2018-07-20 14:00,1.9,41,0.2,8,153
22104,2018-07-20 15:00,2.3,112,0.2,5.3,14
22104,2018-07-20 16:00,1.9,83,0.2,8,160
22104,2018-07-20 17:00,1.9,107,0.3,8,136
22104,2018-07-20 19:00,1.1,341,0.2,6.4,311
22104,2018-07-20 20:00,2.9,337,0.3,4.6,136
22104,2018-07-20 21:00,2.9,339,0.2,8,120
22104,2018-07-20 22:00,2.7,12,0.3,8,88
22104,2018-07-20 23:00,2.9,26,0.2,8,99
22104,2018-07-21 0:00,4.5,47,0.2,8,144
22104,2018-07-21 1:00,3.8,58,0.3,8,122
22104,2018-07-21 2:00,3.3,77,0.3,2.9,18
22104,2018-07-21 3:00,2.5,94,0.3,3,121
22104,2018-07-21 4:00,0.6,130,0.2,4.3,325
22104,2018-07-21 5:00,1.9,198,0.2,9.1,229
22104,2018-07-21 6:00,0.6,293,0.2,8,242
22104,2018-07-21 7:00,0.3,294,0.3,4.6,23
22104,2018-07-21 8:00,0,270,0.2,5.3,224
22104,2018-07-21 9:00,0.6,327,0.3,2.6,198
22104,2018-07-21 10:00,0.6,156,0.3,9.1,223
22104,2018-07-21 11:00,2.2,182,0.3,8,218
22104,2018-07-21 12:00,2.4,154,0.3,8,229
22104,2018-07-21 13:00,2.8,160,0.3,8,223
22104,2018-07-21 14:00,2.1,149,0.3,9.1,234
22104,2018-07-21 15:00,2.3,123,0.3,8,238
22104,2018-07-21 16:00,2.2,102,0.3,9.1,241
22104,2018-07-21 18:00,5,74,0.4,9.1,256
22104,2018-07-21 19:00,3.8,97,0.4,10.7,234
22104,2018-07-21 20:00,2.1,111,0.5,10.7,237
22104,2018-07-21 21:00,0.9,334,0.4,10.7,227
22104,2018-07-21 22:00,1.8,48,0.4,9.1,225
22104,2018-07-21 23:00,2.1,52,0.5,10.7,57
22104,2018-07-22 0:00,1.6,35,0.4,9.1,262
22104,2018-07-22 1:00,0.9,116,0.5,10.7,253
22104,2018-07-22 2:00,1.7,6,0.5,9.1,239
22104,2018-07-22 3:00,1.1,62,0.5,9.1,238
22104,2018-07-22 4:00,3.2,26,0.8,10.7,243
22104,2018-07-22 5:00,1.9,41,0.7,10.7,232
22104,2018-07-22 6:00,1.4,43,0.7,10.7,229
22104,2018-07-22 7:00,0.8,54,0.7,10.7,234
22104,2018-07-22 8:00,0.4,317,0.6,5.8,8
22104,2018-07-22 9:00,2.2,333,0.8,9.1,218
22104,2018-07-22 10:00,1,358,0.7,10.7,206
22104,2018-07-22 11:00,0.7,18,0.9,10.7,200
22104,2018-07-22 12:00,1.6,14,1,10.7,208
22104,2018-07-22 13:00,1.9,10,0.9,10.7,184
22104,2018-07-22 14:00,0.5,302,1,10.7,213
22104,2018-07-22 15:00,1.8,281,1.1,10.7,127
22104,2018-07-22 16:00,2.6,286,1.1,10.7,144
22104,2018-07-22 18:00,3.2,279,1.2,10.7,203
22104,2018-07-22 19:00,2.8,287,1.1,9.1,212
22104,2018-07-22 20:00,1.6,284,0.9,9.1,210
22104,2018-07-22 21:00,1.3,251,1,7.1,210
22104,2018-07-22 22:00,0.6,232,1.2,9.1,210
22104,2018-07-22 23:00,1.8,232,0.8,9.1,218
22104,2018-07-23 0:00,1.8,271,1,9.1,228
22104,2018-07-23 1:00,1,271,0.9,8,26
22104,2018-07-23 2:00,2.1,275,0.8,9.1,139
22104,2018-07-23 3:00,2,282,0.9,9.1,142
22104,2018-07-23 4:00,1.8,279,0.9,9.1,151
22104,2018-07-23 5:00,2.2,279,0.8,8,140
22104,2018-07-23 6:00,2.1,281,0.8,9.1,135
22104,2018-07-23 7:00,1.8,290,0.7,9.1,139
22104,2018-07-23 8:00,1.9,273,0.7,8,139
22104,2018-07-23 9:00,1.8,264,0.9,8,138
22104,2018-07-23 10:00,1.6,236,0.7,8,124
22104,2018-07-23 11:00,2,195,0.8,8,128
22104,2018-07-23 13:00,3.8,211,0.7,8,227
22104,2018-07-23 15:00,4.4,217,0.6,8,216
22104,2018-07-23 16:00,5.1,215,0.7,8,214
22104,2018-07-23 17:00,4.5,233,0.7,8,214
22104,2018-07-23 18:00,5.2,233,0.7,8,233
22104,2018-07-23 19:00,5.6,238,0.6,7.1,231
22104,2018-07-23 20:00,6,238,0.5,7.1,218
22104,2018-07-23 21:00,5.7,241,0.5,7.1,219
22104,2018-07-23 22:00,6.4,243,0.5,7.1,216
22104,2018-07-23 23:00,5.4,257,0.5,7.1,222
22104,2018-07-24 0:00,4.8,248,0.5,7.1,204
22104,2018-07-24 1:00,5.1,245,0.5,7.1,208
22104,2018-07-24 2:00,5.8,243,0.5,7.1,207
22104,2018-07-24 3:00,4.8,254,0.4,5.8,202
22104,2018-07-24 4:00,3.3,268,0.4,7.1,210
22104,2018-07-24 5:00,2.4,250,0.4,6.4,233
22104,2018-07-24 6:00,2.5,242,0.4,5.8,228
22104,2018-07-24 7:00,3.2,235,0.4,6.4,229
22104,2018-07-24 8:00,3.6,254,0.3,7.1,61
22104,2018-07-24 9:00,4.1,241,0.4,6.4,227
22104,2018-07-24 10:00,5.3,245,0.4,6.4,226
22104,2018-07-24 11:00,5.7,248,0.4,6.4,210
22104,2018-07-24 12:00,4.8,230,0.4,6.4,212
22104,2018-07-24 13:00,6.5,224,0.4,6.4,229
22104,2018-07-24 14:00,6.8,228,0.4,6.4,216
22104,2018-07-24 15:00,6.9,230,0.4,6.4,201
22104,2018-07-24 16:00,6.3,238,0.4,5.8,211
22104,2018-07-24 17:00,7.2,239,0.5,10.7,213
22104,2018-07-24 18:00,8.1,225,0.5,5.8,210
22104,2018-07-24 19:00,6.8,228,0.5,9.1,184
22104,2018-07-24 20:00,7.1,228,0.5,9.1,208
22104,2018-07-24 21:00,7.3,230,0.5,8,229
22104,2018-07-24 22:00,7.4,243,0.5,9.1,222
22104,2018-07-24 23:00,7.2,235,0.6,9.1,214
22104,2018-07-25 0:00,6.7,249,0.6,8,211
22104,2018-07-25 1:00,6.9,243,0.5,8,206
22104,2018-07-25 2:00,6.5,256,0.5,7.1,205
22104,2018-07-25 3:00,5.8,243,0.5,7.1,201
22104,2018-07-25 4:00,5.6,241,0.5,8,214
22104,2018-07-25 5:00,4.6,247,0.5,8,179
22104,2018-07-25 7:00,5.4,243,0.5,8,190
22104,2018-07-25 8:00,5.5,244,0.5,7.1,185
22104,2018-07-25 10:00,5.9,223,0.4,6.4,246
22104,2018-07-25 11:00,6.2,231,0.4,6.4,216
22104,2018-07-25 12:00,6.7,229,0.4,6.4,215
22104,2018-07-25 13:00,6.5,231,0.3,8,158
22104,2018-07-25 14:00,6.6,227,0.4,7.1,218
22104,2018-07-25 16:00,7,227,0.4,6.4,191
22104,2018-07-25 17:00,6.7,236,0.5,7.1,189
22104,2018-07-25 18:00,6.7,234,0.5,3.2,225
22104,2018-07-25 19:00,7,238,0.5,3.2,202
22104,2018-07-25 20:00,5.4,236,0.5,7.1,177
22104,2018-07-25 21:00,5.8,250,0.5,6.4,171
22104,2018-07-25 22:00,6.3,239,0.5,5.3,279
22104,2018-07-25 23:00,5.2,237,0.4,6.4,198
22104,2018-07-26 0:00,4.8,232,0.4,7.1,179
22104,2018-07-26 1:00,4.3,242,0.4,6.4,186
22104,2018-07-26 2:00,3.7,236,0.3,5.8,206
22104,2018-07-26 3:00,3.3,235,0.3,6.4,219
22104,2018-07-26 4:00,2.7,230,0.3,6.4,222
22104,2018-07-26 5:00,3.3,250,0.3,7.1,214
22104,2018-07-26 7:00,3.7,250,0.3,5.8,238
22104,2018-07-26 8:00,1.9,277,0.4,5.8,244
22104,2018-07-26 9:00,1.5,286,0.3,5.8,241
22104,2018-07-26 10:00,0,340,0.3,3.8,220
22104,2018-07-26 11:00,0.5,220,0.3,5.8,239
22104,2018-07-26 12:00,1.8,198,0.4,5.3,251
22104,2018-07-26 13:00,3,224,0.3,7.1,91
22104,2018-07-26 14:00,4.2,227,0.3,6.4,114
22104,2018-07-26 15:00,3.8,217,0.3,7.1,114
22104,2018-07-26 16:00,4.3,226,0.3,5.8,189
22104,2018-07-26 17:00,4.3,236,0.4,8,198
22104,2018-07-26 18:00,3.6,211,0.3,5.8,178
22104,2018-07-26 19:00,3.9,194,0.3,5.8,213
22104,2018-07-26 20:00,4.3,213,0.3,7.1,243
22104,2018-07-26 21:00,5.1,228,0.3,5.8,216
22104,2018-07-26 22:00,5.3,233,0.3,4.9,232
22104,2018-07-26 23:00,3,237,0.3,5.8,71
22104,2018-07-27 0:00,1.2,312,0.3,4.9,232
22104,2018-07-27 1:00,1.6,314,0.2,4.9,239
22104,2018-07-27 2:00,1.9,229,0.2,5.3,220
22104,2018-07-27 3:00,2.2,205,0.2,6.4,179
22104,2018-07-27 4:00,2,217,0.2,6.4,168
22104,2018-07-27 5:00,1.5,221,0.2,5.3,212
22104,2018-07-27 6:00,0.8,281,0.2,4.6,129
22104,2018-07-27 7:00,0.9,341,0.3,5.3,221
22104,2018-07-27 8:00,1.4,304,0.2,8,254
22104,2018-07-27 9:00,1.9,327,0.3,9.1,234
22104,2018-07-27 10:00,0.9,27,0.2,6.4,82
22104,2018-07-27 11:00,0.8,48,0.2,4.9,255
22104,2018-07-27 12:00,0.8,83,0.2,4.6,228
22104,2018-07-27 13:00,1.6,117,0.2,9.1,241
22104,2018-07-27 14:00,1.8,99,0.2,5.3,209
22104,2018-07-27 15:00,2.7,119,0.2,4.9,254
22104,2018-07-27 16:00,1.6,99,0.2,4.9,304
22104,2018-07-27 17:00,2.2,84,0.2,8,337
22104,2018-07-27 18:00,3.5,89,0.2,4.9,303
22104,2018-07-27 19:00,3.4,79,0.3,8,346
22104,2018-07-27 20:00,3,74,0.3,4.3,48
22104,2018-07-27 21:00,3.4,56,0.3,4.9,299
22104,2018-07-27 22:00,4.7,70,0.3,4.6,96
22104,2018-07-27 23:00,4.9,63,0.3,2.8,116
22104,2018-07-28 0:00,3.9,75,0.3,3,88
22104,2018-07-28 1:00,5,54,0.3,4,101
22104,2018-07-28 2:00,4.8,51,0.3,3.4,85
22104,2018-07-28 3:00,4.1,51,0.3,3.6,94
22104,2018-07-28 4:00,4.8,53,0.3,3.6,99
22104,2018-07-28 5:00,5.3,45,0.3,3.6,120
22104,2018-07-28 6:00,5.7,107,0.3,2.9,184
22104,2018-07-28 7:00,6.4,117,0.4,3.8,184
22104,2018-07-28 8:00,6.7,49,0.4,3.8,153
22104,2018-07-28 9:00,6.9,44,0.4,4,138
22104,2018-07-28 10:00,7,63,0.4,4.3,128
22104,2018-07-28 12:00,7.3,65,0.4,4.6,95
22104,2018-07-28 13:00,8,63,0.5,4.6,105
22104,2018-07-28 14:00,7.1,71,0.6,4.9,93
22104,2018-07-28 15:00,7.4,87,0.6,4.6,108
22104,2018-07-28 16:00,8.1,75,0.6,4.3,190
22104,2018-07-28 17:00,8.9,81,0.7,4.9,195
22104,2018-07-28 18:00,8.9,65,0.8,4.6,210
22104,2018-07-28 19:00,9.6,65,0.8,4.9,209
22104,2018-07-28 20:00,9.3,49,0.8,4.9,194
22104,2018-07-28 21:00,10.3,64,0.9,5.3,201
22104,2018-07-28 22:00,7.9,37,0.8,5.3,133
22104,2018-07-28 23:00,6.2,36,0.8,5.3,99
22104,2018-07-29 0:00,3.4,26,0.7,5.8,78
22104,2018-07-29 1:00,4.3,23,0.7,5.8,77
22104,2018-07-29 2:00,4.1,2,0.7,5.8,65
22104,2018-07-29 3:00,6.1,8,0.7,6.4,64
22104,2018-07-29 4:00,4.4,341,0.7,5.8,68
22104,2018-07-29 5:00,4.5,346,0.8,6.4,42
22104,2018-07-29 6:00,4.7,4,0.9,5.8,310
22104,2018-07-29 7:00,4.5,356,1,6.4,288
22104,2018-07-29 8:00,4.4,27,1,7.1,288
22104,2018-07-29 9:00,4.5,353,1.1,6.4,315
22104,2018-07-29 10:00,2.7,353,0.9,6.4,307
22104,2018-07-29 12:00,0.8,14,,5.8,93
22104,2018-07-29 13:00,1.1,82,1.3,7.1,90
22104,2018-07-29 14:00,1.8,36,1.5,8,90
22104,2018-07-29 15:00,4.4,66,1.5,8,247
22104,2018-07-29 16:00,9.7,57,2,8,197
22104,2018-07-29 17:00,12.4,86,2,8,226
22104,2018-07-29 18:00,12.8,50,2.3,9.1,222
22104,2018-07-29 19:00,11.4,52,2.1,8,231
22104,2018-07-29 20:00,8.2,47,2.5,9.1,222
22104,2018-07-29 21:00,9.1,41,2.2,8,167
22104,2018-07-29 22:00,8.5,43,1.9,9.1,177
22104,2018-07-29 23:00,8,35,1.8,9.1,180
22104,2018-07-30 0:00,6.6,347,1.9,9.1,231
22104,2018-07-30 1:00,9.5,48,1.6,9.1,234
22104,2018-07-30 2:00,9.8,57,1.7,9.1,225
22104,2018-07-30 3:00,11.4,52,1.7,8,240
22104,2018-07-30 4:00,10.4,54,1.7,8,228
22104,2018-07-30 5:00,10.8,68,1.4,8,220
22104,2018-07-30 6:00,11.1,63,1.6,8,189
22104,2018-07-30 7:00,10.1,48,1.5,7.1,141
22104,2018-07-30 8:00,9.9,43,1.5,8,157
22104,2018-07-30 9:00,10.5,80,1.6,8,224
22104,2018-07-30 10:00,10.7,51,1.5,8,229
22104,2018-07-30 11:00,9,50,1.4,5.8,215
22104,2018-07-30 12:00,9.4,55,1.4,8,222
22104,2018-07-30 13:00,9.8,62,1.4,8,208
22104,2018-07-30 14:00,8,331,1.3,8,217
22104,2018-07-30 15:00,10.3,79,1.3,8,218
22104,2018-07-30 16:00,10,65,1.5,8,206
22104,2018-07-30 17:00,11,62,1.3,7.1,215
22104,2018-07-30 18:00,10.9,76,1.2,4.6,224
22104,2018-07-30 19:00,9.3,61,1.2,7.1,187
22104,2018-07-30 20:00,10.8,54,1.1,7.1,133
22104,2018-07-30 21:00,11.7,56,1.4,5.3,213
22104,2018-07-30 22:00,11.4,65,1.2,7.1,215
22104,2018-07-30 23:00,12.2,55,1.4,7.1,141
22104,2018-07-31 0:00,10.3,58,1.3,5.8,124
22104,2018-07-31 1:00,8.2,59,1,6.4,109
22104,2018-07-31 2:00,7.4,45,1,5.8,67
22104,2018-07-31 3:00,9.2,50,0.9,5.8,55
22104,2018-07-31 4:00,9.6,51,1,5.8,54
22104,2018-07-31 5:00,10.3,54,1,5.8,275
22104,2018-07-31 6:00,9.9,39,1.1,5.3,267
22104,2018-07-31 7:00,10.4,41,1.1,5.3,243
22104,2018-07-31 8:00,9.6,34,0.9,4.9,234
22104,2018-07-31 9:00,9.8,31,1.1,5.8,239
22104,2018-07-31 10:00,11,54,1.2,5.8,228
22104,2018-07-31 11:00,11.3,55,1.2,5.8,226
22104,2018-07-31 12:00,8.4,44,1.2,6.4,172
22104,2018-07-31 13:00,10.3,54,1.1,5.3,137
22104,2018-07-31 14:00,8.9,49,0.9,5.8,124
22104,2018-07-31 15:00,9.8,73,1,5.8,129
22104,2018-07-31 16:00,7.7,94,1,5.8,209
22104,2018-07-31 17:00,8.6,69,0.9,5.3,213
22104,2018-07-31 18:00,8.4,73,0.9,5.3,200
22104,2018-07-31 19:00,9.2,63,0.9,5.3,213
22104,2018-07-31 20:00,9.2,73,0.9,5.3,224
22104,2018-07-31 21:00,9.9,51,0.8,4.9,238
22104,2018-07-31 22:00,8.6,54,0.9,4.9,228
22104,2018-07-31 23:00,8.2,55,1,5.3,232
22104,2018-08-01 0:00,8.2,57,0.8,5.3,228
22104,2018-08-01 1:00,7.2,51,0.7,4.9,231
22104,2018-08-01 2:00,7.8,45,0.7,5.3,281
22104,2018-08-01 3:00,7.7,39,0.6,4.6,277
22104,2018-08-01 4:00,4.9,25,0.5,5.8,319
22104,2018-08-01 5:00,4.2,31,0.5,5.8,316
22104,2018-08-01 6:00,4,15,0.5,4.9,302
22104,2018-08-01 7:00,5.8,46,0.6,4.6,249
22104,2018-08-01 8:00,7.4,72,0.5,4.9,246
22104,2018-08-01 9:00,8.2,58,0.6,4.3,230
22104,2018-08-01 10:00,8.5,55,0.7,4.3,228
22104,2018-08-01 11:00,7.7,52,0.7,4.9,222
22104,2018-08-01 12:00,7.8,68,0.6,4.9,219
22104,2018-08-01 13:00,7.6,59,0.7,4.9,224
22104,2018-08-01 14:00,7.3,62,0.6,5.3,222
22104,2018-08-01 15:00,6.7,69,0.6,4.9,225
22104,2018-08-01 16:00,6.9,53,0.6,4.9,219
22104,2018-08-01 17:00,5.6,65,0.5,4.6,214
22104,2018-08-01 20:00,7.2,67,0.6,4,232
22104,2018-08-01 22:00,7.6,78,0.6,4.3,224
22104,2018-08-01 23:00,7.9,64,0.5,4.3,224
22104,2018-08-02 0:00,7.6,69,0.6,4.3,219
22104,2018-08-02 1:00,6.9,51,0.6,4,222
22104,2018-08-02 2:00,7.2,65,0.5,4.3,223
22104,2018-08-02 3:00,6,57,0.5,4,205
22104,2018-08-02 4:00,5,69,0.5,3.8,211
22104,2018-08-02 5:00,4.8,63,0.5,4,203
22104,2018-08-02 6:00,5.7,50,0.4,3.6,217
22104,2018-08-02 7:00,5.6,75,0.4,3.6,203
22104,2018-08-02 8:00,6.6,64,0.4,2.9,218
22104,2018-08-02 9:00,6.9,72,0.4,3.2,192
22104,2018-08-02 10:00,7,60,0.5,3.4,219
22104,2018-08-02 11:00,6.8,66,0.5,3.8,222
22104,2018-08-02 12:00,6.9,61,0.5,4,222
22104,2018-08-02 13:00,7,74,0.6,4.6,217
22104,2018-08-02 14:00,7.4,73,0.6,4,216
22104,2018-08-02 15:00,6.9,73,0.6,4.3,229
22104,2018-08-02 16:00,6.4,72,0.6,4.6,216
22104,2018-08-02 17:00,6.7,75,0.6,4.3,208
22104,2018-08-02 18:00,8,76,0.6,4.3,221
22104,2018-08-02 19:00,6.9,55,0.5,4,208
22104,2018-08-02 20:00,6.9,71,0.5,3.8,205
22104,2018-08-02 21:00,6.8,92,0.5,4,193
22104,2018-08-02 22:00,6.9,70,0.5,4,220
22104,2018-08-02 23:00,5.5,69,0.5,3.8,206
22104,2018-08-03 0:00,5.6,74,0.4,4,202
22104,2018-08-03 1:00,4.2,81,0.4,3.6,211
22104,2018-08-03 2:00,3.9,80,0.4,8,359
22104,2018-08-03 3:00,3.8,65,0.5,7.1,347
22104,2018-08-03 4:00,4.2,52,0.4,7.1,228
22104,2018-08-03 5:00,4.5,91,0.5,7.1,220
22104,2018-08-03 6:00,2.8,78,0.5,7.1,224
22104,2018-08-03 7:00,2.5,62,0.5,7.1,350
22104,2018-08-03 8:00,2,98,0.5,8,336
22104,2018-08-03 9:00,1.8,48,0.5,8,8
22104,2018-08-03 10:00,2.3,59,0.5,7.1,1
22104,2018-08-03 11:00,0.4,104,0.5,9.1,349
22104,2018-08-03 12:00,2,220,0.7,9.1,310
22104,2018-08-03 13:00,4,198,0.7,8,237
22104,2018-08-03 14:00,3.8,205,0.7,8,241
22104,2018-08-03 15:00,3.6,217,0.8,8,212
22104,2018-08-03 16:00,3.8,219,0.7,7.1,213
22104,2018-08-03 17:00,3.9,223,0.9,7.1,199
22104,2018-08-03 18:00,4.1,226,0.8,8,201
22104,2018-08-03 19:00,3.2,227,0.8,8,179
22104,2018-08-03 20:00,2.8,250,0.8,8,152
22104,2018-08-03 21:00,2.8,283,0.7,8,164
22104,2018-08-03 22:00,2.6,250,0.7,8,186
22104,2018-08-03 23:00,2.4,277,0.7,8,180
22104,2018-08-04 0:00,1.7,253,0.6,7.1,161
22104,2018-08-04 1:00,2.1,228,0.7,8,213
22104,2018-08-04 2:00,3.7,249,0.7,8,210
22104,2018-08-04 3:00,3.9,235,0.7,7.1,218
22104,2018-08-04 4:00,3.9,233,0.7,7.1,216
22104,2018-08-04 5:00,3.6,235,0.7,8,218
22104,2018-08-04 6:00,3.3,244,0.7,7.1,221
22104,2018-08-04 7:00,3.6,270,0.6,7.1,206
22104,2018-08-04 8:00,2.7,263,0.6,7.1,203
22104,2018-08-04 9:00,4,236,0.6,7.1,208
22104,2018-08-04 10:00,5,232,0.5,7.1,203
22104,2018-08-04 11:00,5.6,228,0.6,8,197
22104,2018-08-04 12:00,6.8,224,0.6,7.1,217
22104,2018-08-04 13:00,7.1,226,0.7,7.1,214
22104,2018-08-04 14:00,7.7,229,0.6,7.1,214
22104,2018-08-04 15:00,7.7,230,0.6,7.1,214
22104,2018-08-04 16:00,8.5,224,0.7,7.1,212
22104,2018-08-04 17:00,8.7,253,0.7,6.4,213
22104,2018-08-04 18:00,7.7,243,0.6,6.4,205
22104,2018-08-04 19:00,8.9,246,0.6,6.4,182
22104,2018-08-04 20:00,8.1,244,0.6,6.4,198
22104,2018-08-04 21:00,8.8,241,0.7,5.8,185
22104,2018-08-04 22:00,7.7,241,0.7,6.4,176
22104,2018-08-04 23:00,7.4,252,0.7,6.4,182
22104,2018-08-05 0:00,7.3,248,0.6,7.1,197
22104,2018-08-05 1:00,7,250,0.6,6.4,200
22104,2018-08-05 2:00,6,246,0.7,7.1,215
22104,2018-08-05 3:00,5.7,236,0.7,6.4,215
22104,2018-08-05 4:00,5.1,251,0.6,7.1,230
22104,2018-08-05 5:00,4,247,0.7,7.1,231
22104,2018-08-05 6:00,4.2,252,0.5,6.4,228
22104,2018-08-05 7:00,3.3,248,0.6,7.1,229
22104,2018-08-05 8:00,4,237,0.5,6.4,224
22104,2018-08-05 9:00,3,243,0.5,7.1,224
22104,2018-08-05 10:00,2.9,250,0.6,7.1,245
22104,2018-08-05 11:00,3.7,232,0.5,6.4,229
22104,2018-08-05 12:00,4.2,236,0.5,7.1,223
22104,2018-08-05 13:00,4.7,251,0.5,6.4,198
22104,2018-08-05 14:00,5.2,226,0.5,6.4,223
22104,2018-08-05 15:00,5.4,218,0.5,6.4,229
22104,2018-08-05 16:00,6.6,228,0.5,6.4,222
22104,2018-08-05 17:00,6.5,229,0.5,6.4,233
22104,2018-08-05 18:00,7.9,227,0.5,6.4,218
22104,2018-08-05 19:00,7.5,230,0.5,5.3,206
22104,2018-08-05 20:00,7.1,217,0.5,6.4,214
22104,2018-08-05 21:00,6.1,227,0.5,6.4,215
22104,2018-08-05 22:00,6,225,0.5,5.8,216
22104,2018-08-05 23:00,5.2,222,0.4,5.3,222
22104,2018-08-06 0:00,4,257,0.5,6.4,225
22104,2018-08-06 1:00,3.1,218,0.5,4.9,250
22104,2018-08-06 2:00,2.2,223,0.5,5.3,261
22104,2018-08-06 3:00,0.6,192,0.4,4.9,243
22104,2018-08-06 4:00,0.9,351,0.4,6.4,249
22104,2018-08-06 5:00,2.4,358,0.4,4.3,243
22104,2018-08-06 6:00,2.6,358,0.4,3.4,303
22104,2018-08-06 7:00,2.2,5,0.4,5.8,250
22104,2018-08-06 8:00,2.3,35,0.3,6.4,238
22104,2018-08-06 9:00,2.1,64,0.3,6.4,241
22104,2018-08-06 10:00,4.5,104,0.3,5.8,303
22104,2018-08-06 11:00,5.9,65,0.4,6.4,32
22104,2018-08-06 12:00,5.9,48,0.4,3.4,274
22104,2018-08-06 13:00,6.3,50,0.4,3.4,227
22104,2018-08-06 14:00,5.4,70,0.4,3.4,203
22104,2018-08-06 15:00,5.7,77,0.4,4.3,46
22104,2018-08-06 16:00,5.5,81,0.4,4,183
22104,2018-08-06 17:00,5.8,71,0.4,8,121
22104,2018-08-06 18:00,6.4,77,0.4,8,109
22104,2018-08-06 19:00,6.3,59,0.4,3.6,93
22104,2018-08-06 20:00,5.7,65,0.5,8,76
22104,2018-08-06 21:00,5.8,77,0.4,8,79
22104,2018-08-06 22:00,5.6,60,0.4,7.1,89
22104,2018-08-06 23:00,6.9,68,0.6,4,98
22104,2018-08-07 0:00,6.9,75,0.6,4,107
22104,2018-08-07 1:00,7.2,84,0.7,4.6,110
22104,2018-08-07 2:00,6.3,68,0.7,4.3,117
22104,2018-08-07 3:00,6.9,71,0.7,4.6,119
22104,2018-08-07 4:00,6.5,62,0.8,7.1,113
22104,2018-08-07 5:00,7.8,55,0.8,7.1,109
22104,2018-08-07 6:00,8.4,66,0.8,5.3,123
22104,2018-08-07 7:00,7.7,63,0.9,5.8,105
22104,2018-08-07 8:00,8.5,45,0.9,4.9,99
22104,2018-08-07 9:00,8.5,37,0.9,4.6,112
22104,2018-08-07 10:00,8.2,146,1,7.1,212
22104,2018-08-07 11:00,7.4,77,1,5.3,193
22104,2018-08-07 12:00,8.2,71,0.9,7.1,207
22104,2018-08-07 13:00,7.5,63,1,6.4,202
22104,2018-08-07 14:00,8,61,1,5.8,199
22104,2018-08-07 15:00,8.1,71,0.8,5.8,210
22104,2018-08-07 16:00,8.4,67,0.9,6.4,193
22104,2018-08-07 17:00,8.8,80,0.9,6.4,178
22104,2018-08-07 18:00,9.1,78,0.9,6.4,111
22104,2018-08-07 19:00,8.4,68,0.9,5.8,128
22104,2018-08-07 20:00,8.7,64,0.9,5.3,121
22104,2018-08-07 21:00,7.8,66,0.8,6.4,108
22104,2018-08-07 22:00,7.9,69,0.8,5.3,109
22104,2018-08-07 23:00,8.3,65,0.9,6.4,111
22104,2018-08-08 0:00,7.9,77,0.9,5.3,118
22104,2018-08-08 1:00,7.7,71,0.8,5.8,227
22104,2018-08-08 2:00,7.1,57,0.9,5.3,236
22104,2018-08-08 3:00,6.8,50,0.9,7.1,237
22104,2018-08-08 4:00,6.1,48,0.8,5.3,242
22104,2018-08-08 5:00,5.8,35,0.9,7.1,223
22104,2018-08-08 6:00,5.4,39,0.8,6.4,219
22104,2018-08-08 7:00,5.8,40,0.7,8,227
22104,2018-08-08 8:00,4.8,51,0.8,7.1,205
22104,2018-08-08 9:00,5,45,0.7,8,197
22104,2018-08-08 10:00,4.5,70,0.7,8,209
22104,2018-08-08 11:00,4.8,63,0.7,8,203
22104,2018-08-08 12:00,4.5,84,0.6,5.8,206
22104,2018-08-08 13:00,4.5,87,0.6,7.1,186
22104,2018-08-08 14:00,4.9,84,0.6,7.1,222
22104,2018-08-08 15:00,4.3,94,0.6,7.1,218
22104,2018-08-08 16:00,4.8,75,0.6,5.8,204
22104,2018-08-08 17:00,4.8,75,0.6,7.1,168
22104,2018-08-08 18:00,4.7,85,0.5,6.4,123
22104,2018-08-08 19:00,3.6,72,0.5,7.1,91
22104,2018-08-08 20:00,3.7,57,0.5,7.1,85
22104,2018-08-08 21:00,4.9,47,0.5,5.3,80
22104,2018-08-08 22:00,6.6,69,0.5,3.8,92
22104,2018-08-08 23:00,6.8,73,0.5,7.1,100
22104,2018-08-09 0:00,6.6,65,0.6,4.3,81
22104,2018-08-09 1:00,6.5,44,0.6,4.3,78
22104,2018-08-09 2:00,6.9,66,0.7,4.6,120
22104,2018-08-09 3:00,6.2,44,0.6,4,115
22104,2018-08-09 4:00,5.8,52,0.7,4.6,137
22104,2018-08-09 5:00,5.3,48,0.7,6.4,109
22104,2018-08-09 6:00,5,41,0.6,4.6,104
22104,2018-08-09 7:00,5,46,0.6,7.1,90
22104,2018-08-09 8:00,5.3,54,0.6,6.4,90
22104,2018-08-09 9:00,4.4,54,0.5,5.8,78
22104,2018-08-09 10:00,4,58,0.6,8,68
22104,2018-08-09 11:00,3.9,48,0.6,4.9,55
22104,2018-08-09 12:00,2.9,40,0.6,5.8,65
22104,2018-08-09 13:00,2.5,83,0.6,4.9,87
22104,2018-08-09 14:00,2.5,98,0.6,7.1,187
22104,2018-08-09 15:00,2.6,120,0.5,7.1,196
22104,2018-08-09 16:00,2.2,122,0.5,7.1,219
22104,2018-08-09 17:00,2.9,112,0.5,6.4,198
22104,2018-08-09 18:00,4,99,0.5,7.1,208
22104,2018-08-09 19:00,4.8,77,0.5,8,173
22104,2018-08-09 20:00,6.3,97,0.5,5.8,125
22104,2018-08-09 21:00,5.6,98,0.5,8,96
22104,2018-08-09 22:00,5.4,96,0.5,8,98
22104,2018-08-09 23:00,4,120,0.5,8,79
22104,2018-08-10 0:00,2.8,105,0.5,8,77
22104,2018-08-10 1:00,1.4,240,0.4,7.1,76
22104,2018-08-10 2:00,3.2,231,0.5,8,72
22104,2018-08-10 3:00,2.5,211,0.5,8,76
22104,2018-08-10 4:00,3.1,200,0.5,8,76
22104,2018-08-10 5:00,1,246,0.6,7.1,80
22104,2018-08-10 6:00,0.8,39,0.6,7.1,86
22104,2018-08-10 7:00,1.8,41,0.7,7.1,74
22104,2018-08-10 8:00,2.5,38,0.6,7.1,68
22104,2018-08-10 9:00,3,83,0.7,8,70
22104,2018-08-10 10:00,4.8,82,0.6,8,72
22104,2018-08-10 11:00,5.3,91,0.6,8,74
22104,2018-08-10 12:00,5.1,109,0.7,7.1,71
22104,2018-08-10 13:00,3.9,100,0.6,7.1,81
22104,2018-08-10 14:00,4.7,69,0.6,7.1,132
22104,2018-08-10 15:00,4.2,92,0.6,6.4,181
22104,2018-08-10 16:00,5.6,87,0.6,7.1,190
22104,2018-08-10 17:00,6.1,78,0.7,7.1,210
22104,2018-08-10 18:00,6.6,75,0.7,6.4,205
22104,2018-08-10 19:00,6.5,67,0.7,7.1,191
22104,2018-08-10 20:00,6.5,63,0.7,7.1,186
22104,2018-08-10 21:00,7.6,52,0.7,7.1,228
22104,2018-08-10 22:00,6.9,66,0.7,8,211
22104,2018-08-10 23:00,6.7,65,0.6,7.1,140
22104,2018-08-11 0:00,6.6,58,0.6,4.3,217
22104,2018-08-11 1:00,7.2,79,0.6,8,206
22104,2018-08-11 2:00,6.7,81,0.7,5.3,220
22104,2018-08-11 3:00,7.4,74,0.7,4.6,210
22104,2018-08-11 4:00,7.1,38,0.8,7.1,235
22104,2018-08-11 5:00,8.5,38,0.8,4.3,232
22104,2018-08-11 6:00,8,54,0.8,4.9,237
22104,2018-08-11 7:00,9.7,56,0.8,6.4,234
22104,2018-08-11 8:00,8.9,39,0.8,4.9,226
22104,2018-08-11 9:00,8.9,46,0.8,6.4,229
22104,2018-08-11 10:00,9,52,0.8,4.9,227
22104,2018-08-11 11:00,9,60,0.8,4.6,213
22104,2018-08-11 12:00,9.7,63,0.9,5.3,225
22104,2018-08-11 13:00,9.3,65,0.9,5.3,225
22104,2018-08-11 14:00,8.9,63,1,5.3,216
22104,2018-08-11 15:00,8.9,68,1,4.9,195
22104,2018-08-11 16:00,8.8,76,1,5.3,204
22104,2018-08-11 17:00,9.1,74,1,4.9,229
22104,2018-08-11 18:00,10,70,0.9,5.3,225
22104,2018-08-11 19:00,10,68,1,5.3,222
22104,2018-08-11 20:00,10.6,57,1,4.9,233
22104,2018-08-11 21:00,10.4,66,1,5.8,219
22104,2018-08-11 22:00,10.6,68,1.1,4.9,148
22104,2018-08-11 23:00,9.6,68,1,5.8,218
22104,2018-08-12 0:00,9.5,78,1,6.4,204
22104,2018-08-12 1:00,9,70,1,6.4,192
22104,2018-08-12 2:00,7.8,62,0.9,5.8,211
22104,2018-08-12 3:00,7.6,91,0.9,6.4,215
22104,2018-08-12 4:00,7,82,0.8,5.3,215
22104,2018-08-12 5:00,7.5,79,0.8,6.4,215
22104,2018-08-12 6:00,7.7,64,0.9,5.8,212
22104,2018-08-12 7:00,7.4,82,0.9,5.8,229
22104,2018-08-12 8:00,7.3,77,0.9,5.8,230
22104,2018-08-12 9:00,7.1,69,0.8,5.8,222
22104,2018-08-12 10:00,6.7,43,0.8,6.4,109
22104,2018-08-12 11:00,6.7,48,0.7,5.8,72
22104,2018-08-12 12:00,6.2,76,0.8,6.4,64
22104,2018-08-12 13:00,6.8,88,0.7,4.9,74
22104,2018-08-12 14:00,6.4,33,0.8,4.6,39
22104,2018-08-12 15:00,5.6,62,0.7,6.4,255
22104,2018-08-12 16:00,5.4,56,0.7,6.4,225
22104,2018-08-12 17:00,5.7,68,0.6,5.8,233
22104,2018-08-12 18:00,5.6,58,0.6,5.3,248
22104,2018-08-12 19:00,5.5,63,0.5,5.8,232
22104,2018-08-12 20:00,5.3,59,0.6,5.3,214
22104,2018-08-12 21:00,5.4,68,0.6,5.8,190
22104,2018-08-12 22:00,5.3,71,0.6,5.8,135
22104,2018-08-12 23:00,6,67,0.5,5.8,92
22104,2018-08-13 0:00,4.8,68,0.5,5.8,81
22104,2018-08-13 1:00,5.1,58,0.5,7.1,111
22104,2018-08-13 2:00,4.8,64,0.6,6.4,82
22104,2018-08-13 3:00,3.6,46,0.5,6.4,78
22104,2018-08-13 4:00,4.2,57,0.5,6.4,98
22104,2018-08-13 5:00,3.6,37,0.5,6.4,130
22104,2018-08-13 6:00,2.4,32,0.5,5.8,72
22104,2018-08-13 7:00,3.2,66,0.5,6.4,294
22104,2018-08-13 8:00,2.4,353,0.5,6.4,313
22104,2018-08-13 9:00,1.8,320,0.6,5.8,256
22104,2018-08-13 10:00,2.9,15,0.5,5.8,322
22104,2018-08-13 11:00,1.4,28,0.5,5.8,117
22104,2018-08-13 12:00,1.3,87,0.5,6.4,136
22104,2018-08-13 13:00,0.2,165,0.6,4,159
22104,2018-08-13 14:00,1.7,244,0.6,8,227
22104,2018-08-13 15:00,3.1,238,0.6,7.1,185
22104,2018-08-13 16:00,3.3,229,0.7,8,197
22104,2018-08-13 17:00,3.6,250,0.6,8,161
22104,2018-08-13 18:00,2.3,260,0.6,8,66
22104,2018-08-13 19:00,1.8,237,0.5,9.1,34
22104,2018-08-13 20:00,1.4,229,0.5,8,37
22104,2018-08-13 21:00,1.5,239,0.6,8,21
22104,2018-08-13 22:00,0.6,232,0.6,8,9
22104,2018-08-13 23:00,0.3,169,0.5,8,277
22104,2018-08-14 0:00,0.2,196,0.5,6.4,237
22104,2018-08-14 1:00,1.3,334,0.5,8,229
22104,2018-08-14 2:00,3,12,0.5,5.8,171
22104,2018-08-14 3:00,3,25,0.5,8,221
22104,2018-08-14 4:00,2.4,27,0.5,8,209
22104,2018-08-14 5:00,1.4,3,0.5,8,230
22104,2018-08-14 6:00,3,89,0.6,8,188
22104,2018-08-14 7:00,3.9,57,0.5,7.1,9
22104,2018-08-14 8:00,3.4,62,0.4,7.1,6
22104,2018-08-14 9:00,3.9,82,0.5,8,338
22104,2018-08-14 10:00,3.2,56,0.4,6.4,289
22104,2018-08-14 11:00,3.9,36,0.4,8,284
22104,2018-08-14 12:00,4,30,0.4,8,250
22104,2018-08-14 13:00,4.9,57,0.4,8,256
22104,2018-08-14 14:00,5.3,55,0.4,7.1,220
22104,2018-08-14 15:00,5.4,83,0.4,6.4,229
22104,2018-08-14 16:00,4.7,84,0.5,7.1,245
22104,2018-08-14 17:00,5.1,62,0.5,7.1,280
22104,2018-08-14 18:00,5.4,69,0.5,8,8
22104,2018-08-14 19:00,6.5,83,0.5,7.1,356
22104,2018-08-14 20:00,7,78,0.6,7.1,1
22104,2018-08-14 21:00,6.1,81,0.5,8,6
22104,2018-08-14 22:00,6.7,70,0.5,9.1,345
22104,2018-08-14 23:00,7.2,69,0.5,3,201
22104,2018-08-15 0:00,6.4,62,0.5,3.6,124
22104,2018-08-15 1:00,6.2,68,0.4,7.1,258
22104,2018-08-15 2:00,5.4,64,0.4,8,261
22104,2018-08-15 3:00,5.9,48,0.4,8,246
22104,2018-08-15 4:00,6.4,9,0.4,3.6,49
22104,2018-08-15 5:00,6.8,24,0.5,4,46
22104,2018-08-15 6:00,4.6,38,0.5,3.8,258
22104,2018-08-15 7:00,6.8,54,0.5,3.6,218
22104,2018-08-15 8:00,7.9,39,0.5,4,174
22104,2018-08-15 9:00,9.4,47,0.6,3.8,234
22104,2018-08-15 10:00,9.3,42,0.7,4.3,176
22104,2018-08-15 11:00,10.3,50,0.9,4.6,152
22104,2018-08-15 12:00,9.1,42,0.8,4.9,154
22104,2018-08-15 13:00,6.9,93,0.8,4.6,192
22104,2018-08-15 14:00,3.2,54,0.5,5.3,236
22104,2018-08-15 15:00,4,23,0.5,4.9,342
22104,2018-08-15 16:00,0.9,285,0.5,5.3,324
22104,2018-08-15 17:00,4.9,251,0.5,5.3,326
22104,2018-08-15 18:00,9.2,236,0.4,4.9,334
22104,2018-08-15 19:00,9.7,222,0.8,4,189
22104,2018-08-15 20:00,8.1,206,1,4.9,187
22104,2018-08-15 21:00,3.7,222,0.8,4.9,104
22104,2018-08-15 22:00,5.2,212,0.7,4.3,128
22104,2018-08-15 23:00,6.6,201,0.7,4.3,138
22104,2018-08-16 0:00,6.1,210,0.7,4.3,195
22104,2018-08-16 1:00,6.3,222,0.7,4.6,184
22104,2018-08-16 2:00,7,217,0.8,4.6,193
22104,2018-08-16 3:00,6.1,238,0.7,4.3,199
22104,2018-08-16 4:00,5.8,202,0.6,4.3,193
22104,2018-08-16 5:00,4.6,214,0.5,4.3,186
22104,2018-08-16 6:00,1.8,280,0.5,4.6,177
22104,2018-08-16 7:00,1.5,278,0.6,4.3,184
22104,2018-08-16 8:00,0.9,24,0.6,5.3,205
22104,2018-08-16 9:00,1.7,78,0.7,7.1,228
22104,2018-08-16 10:00,0.1,81,0.7,5.8,244
22104,2018-08-16 11:00,1.5,155,0.8,6.4,269
22104,2018-08-16 12:00,3.4,100,0.9,6.4,257
22104,2018-08-16 13:00,5.2,93,1.1,9.1,263
22104,2018-08-16 14:00,6.2,100,1.2,8,245
22104,2018-08-16 15:00,6.9,85,1.1,10.7,248
22104,2018-08-16 16:00,7.3,60,1,9.1,247
22104,2018-08-16 17:00,9.5,67,1.2,9.1,303
22104,2018-08-16 18:00,10.8,79,1.1,9.1,272
22104,2018-08-16 19:00,12.5,63,1.6,10.7,28
22104,2018-08-16 20:00,13.9,56,1.7,5.8,231
22104,2018-08-16 21:00,14.1,50,1.7,5.8,151
22104,2018-08-16 22:00,14.8,59,1.6,6.4,225
22104,2018-08-16 23:00,14.2,74,2.2,7.1,222
22104,2018-08-17 0:00,13.3,62,1.8,7.1,178
22104,2018-08-17 1:00,14.4,57,1.9,7.1,146
22104,2018-08-17 2:00,12.7,72,1.9,6.4,144
22104,2018-08-17 3:00,12.9,57,1.9,8,160
22104,2018-08-17 4:00,11.9,48,1.9,7.1,131
22104,2018-08-17 5:00,12.3,67,2,8,130
22104,2018-08-17 6:00,11.6,64,2,8,130
22104,2018-08-17 7:00,12.4,83,1.7,8,137
22104,2018-08-17 8:00,12,89,1.8,6.4,131
22104,2018-08-17 9:00,11.9,45,1.8,7.1,129
22104,2018-08-17 10:00,12.1,114,1.9,7.1,234
22104,2018-08-17 11:00,12.2,63,1.6,7.1,222
22104,2018-08-17 12:00,11.9,63,1.8,7.1,232
22104,2018-08-17 13:00,11.5,53,1.7,7.1,224
22104,2018-08-17 14:00,11.3,52,1.6,7.1,218
22104,2018-08-17 15:00,10.3,64,1.5,6.4,164
22104,2018-08-17 16:00,10.9,57,1.6,6.4,229
22104,2018-08-17 17:00,11.7,67,1.5,6.4,220
22104,2018-08-17 18:00,11.6,59,1.6,8,205
22104,2018-08-17 19:00,11.2,60,1.6,8,236
22104,2018-08-17 20:00,10.5,49,1.9,7.1,224
22104,2018-08-17 21:00,11,80,1.7,9.1,220
22104,2018-08-17 22:00,11,67,1.6,8,210
22104,2018-08-17 23:00,9.9,70,1.7,7.1,200
22104,2018-08-18 0:00,10,114,1.8,6.4,206
22104,2018-08-18 1:00,10.8,90,1.8,10.7,326
22104,2018-08-18 2:00,9.2,51,1.6,7.1,140
22104,2018-08-18 3:00,9.8,60,1.8,10.7,200
22104,2018-08-18 4:00,8.9,57,1.6,10.7,220
22104,2018-08-18 5:00,9.1,79,1.9,10.7,219
22104,2018-08-18 6:00,7.8,65,2,10.7,198
22104,2018-08-18 7:00,8.2,64,1.9,10.7,220
22104,2018-08-18 8:00,7.5,59,1.9,10.7,205
22104,2018-08-18 9:00,7.9,85,1.7,10.7,214
22104,2018-08-18 10:00,7.7,83,1.7,10.7,197
22104,2018-08-18 11:00,8.8,83,1.7,10.7,204
22104,2018-08-18 12:00,8.1,88,1.7,10.7,210
22104,2018-08-18 13:00,8.6,51,1.7,10.7,213
22104,2018-08-18 14:00,8.6,43,1.4,10.7,205
22104,2018-08-18 15:00,7.5,77,1.3,10.7,200
22104,2018-08-18 16:00,7.1,53,1.2,10.7,211
22104,2018-08-18 17:00,6.5,81,1.3,10.7,201
22104,2018-08-18 18:00,7.2,79,1.2,9.1,195
22104,2018-08-18 19:00,7.8,68,1.2,10.7,187
22104,2018-08-18 20:00,7.7,77,1.1,7.1,234
22104,2018-08-18 21:00,7.6,73,1.3,10.7,199
22104,2018-08-18 22:00,7.5,73,1.1,8,219
22104,2018-08-18 23:00,6.3,73,1.3,8,213
22104,2018-08-19 0:00,6.3,68,1,10.7,216
22104,2018-08-19 1:00,5.3,66,1.1,9.1,211
22104,2018-08-19 2:00,4.4,58,1,9.1,225
22104,2018-08-19 3:00,3.5,58,0.9,9.1,268
22104,2018-08-19 4:00,4.6,1,0.8,7.1,342
22104,2018-08-19 5:00,5.1,14,0.9,9.1,311
22104,2018-08-19 6:00,4.8,13,0.8,9.1,297
22104,2018-08-19 7:00,4.8,11,0.7,9.1,292
22104,2018-08-19 8:00,4.8,7,0.8,8,124
22104,2018-08-19 9:00,5.5,9,0.9,9.1,272
22104,2018-08-19 10:00,4.1,350,0.8,7.1,316
22104,2018-08-19 11:00,3,21,0.9,8,255
22104,2018-08-19 12:00,1.8,33,0.7,7.1,267
22104,2018-08-19 13:00,1.7,94,0.6,8,203
22104,2018-08-19 14:00,1.7,69,0.6,7.1,335
22104,2018-08-19 15:00,1.9,89,0.6,6.4,160
22104,2018-08-19 16:00,2.2,116,0.6,6.4,123
22104,2018-08-19 17:00,2.3,143,0.7,7.1,126
22104,2018-08-19 18:00,1.6,138,0.7,9.1,83
22104,2018-08-19 19:00,1.6,165,0.6,7.1,96
22104,2018-08-19 20:00,0.4,142,0.6,6.4,93
22104,2018-08-19 21:00,1.5,91,0.6,8,74
22104,2018-08-19 22:00,1.2,72,0.6,8,62
22104,2018-08-19 23:00,1.7,68,0.6,6.4,98
22104,2018-08-20 0:00,1.6,48,0.6,8,73
22104,2018-08-20 1:00,1.9,46,0.5,7.1,96
22104,2018-08-20 2:00,2.3,32,0.5,6.4,117
22104,2018-08-20 3:00,1.6,37,0.5,8,90
22104,2018-08-20 4:00,2,356,0.5,8,85
22104,2018-08-20 5:00,1.9,19,0.5,7.1,150
22104,2018-08-20 6:00,2.9,350,0.5,7.1,294
22104,2018-08-20 7:00,3.5,10,0.5,6.4,213
22104,2018-08-20 8:00,3.1,34,0.5,7.1,206
22104,2018-08-20 9:00,2.7,21,0.4,6.4,233
22104,2018-08-20 10:00,2,69,0.4,8,172
22104,2018-08-20 11:00,1.1,110,0.4,7.1,134
22104,2018-08-20 12:00,1.1,162,0.5,5.8,160
22104,2018-08-20 13:00,1.7,196,0.4,5.8,156
22104,2018-08-20 14:00,1.2,180,0.4,6.4,203
22104,2018-08-20 15:00,1.3,120,0.4,6.4,115
22104,2018-08-20 16:00,2.3,126,0.4,5.8,156
22104,2018-08-20 17:00,1.9,112,0.4,5.8,191
22104,2018-08-20 19:00,1,104,0.4,5.8,192
22104,2018-08-20 20:00,1,77,0.4,4.9,183
22104,2018-08-20 21:00,1.1,66,0.4,8,230
22104,2018-08-20 22:00,2.2,102,0.4,5.8,223
22104,2018-08-20 23:00,2.1,107,0.4,6.4,238
22104,2018-08-21 1:00,0.9,122,0.4,7.1,241
22104,2018-08-21 2:00,0.8,82,0.4,6.4,250
22104,2018-08-21 3:00,2.9,122,0.4,5.8,239
22104,2018-08-21 4:00,3.1,109,0.4,8,272
22104,2018-08-21 6:00,3.6,332,0.4,7.1,245
22104,2018-08-21 7:00,3.8,349,0.4,7.1,248
22104,2018-08-21 8:00,3.5,1,0.4,6.4,236
22104,2018-08-21 10:00,2.9,360,0.4,6.4,225
22104,2018-08-21 11:00,1.7,360,0.4,7.1,229
22104,2018-08-21 12:00,1.5,4,0.4,6.4,149
22104,2018-08-21 13:00,0.9,57,0.4,7.1,83
22104,2018-08-21 15:00,0.9,93,0.3,6.4,21
22104,2018-08-21 17:00,2.9,83,0.3,7.1,346
22104,2018-08-21 18:00,4.4,65,0.3,6.4,347
22104,2018-08-21 19:00,4.2,65,0.3,5.8,43
22104,2018-08-21 20:00,5.1,62,0.4,4.6,214
22104,2018-08-21 21:00,5.3,68,0.3,5.8,4
22104,2018-08-21 22:00,3.9,58,0.3,5.8,17
22104,2018-08-21 23:00,4.4,80,0.3,5.8,359
22104,2018-08-22 0:00,6.8,104,0.3,2.7,203
22104,2018-08-22 1:00,9.3,107,0.5,3.6,214
22104,2018-08-22 2:00,9.8,103,0.9,4.3,195
22104,2018-08-22 3:00,8.4,103,0.7,4.6,130
22104,2018-08-22 4:00,7.9,87,0.6,4.3,134
22104,2018-08-22 5:00,8.5,92,0.7,3.8,130
22104,2018-08-22 6:00,9.5,97,0.7,4.3,125
22104,2018-08-22 8:00,10.7,98,0.8,4.9,121
22104,2018-08-22 9:00,10.8,99,0.8,4.9,120
22104,2018-08-22 10:00,9.7,109,0.8,5.3,118
22104,2018-08-22 11:00,11,89,0.9,4.6,122
22104,2018-08-22 12:00,9,82,0.9,4.6,222
22104,2018-08-22 13:00,10.4,79,0.9,4.9,220
22104,2018-08-22 14:00,9.6,82,1,4.6,216
22104,2018-08-22 16:00,11.4,89,1,4.9,220
22104,2018-08-22 17:00,9.8,86,1,5.3,221
22104,2018-08-22 18:00,10.6,49,0.9,4.9,246
22104,2018-08-22 19:00,9.8,79,1,12.8,328
22104,2018-08-22 20:00,10.2,107,1,4.6,192
22104,2018-08-22 21:00,12.6,101,1.3,5.3,218
22104,2018-08-22 22:00,11.4,93,1.5,5.3,141
22104,2018-08-22 23:00,10,94,1.4,12.8,233
22104,2018-08-23 0:00,9.7,91,1.3,10.7,236
22104,2018-08-23 1:00,9.9,100,1.6,12.8,251
22104,2018-08-23 2:00,9.3,109,2,10.7,251
22104,2018-08-23 3:00,10.3,100,1.5,10.7,38
22104,2018-08-23 4:00,8.9,100,1.6,10.7,254
22104,2018-08-23 5:00,10.8,108,1.8,10.7,257
22104,2018-08-23 6:00,10.5,110,2,10.7,252
22104,2018-08-23 8:00,9.5,95,2.2,10.7,257
22104,2018-08-23 9:00,8.7,110,2.2,10.7,237
22104,2018-08-23 10:00,9.3,112,1.7,9.1,239
22104,2018-08-23 11:00,8.5,101,1.7,8,232
22104,2018-08-23 12:00,10.2,104,1.8,9.1,265
22104,2018-08-23 13:00,9.4,81,2,10.7,345
22104,2018-08-23 14:00,9,107,1.9,10.7,356
22104,2018-08-23 15:00,8.6,90,1.5,9.1,356
22104,2018-08-23 16:00,9.5,88,1.6,9.1,358
22104,2018-08-23 17:00,8.7,114,1.8,10.7,346
22104,2018-08-23 18:00,7.4,105,1.7,9.1,334
22104,2018-08-23 19:00,6.2,139,1.4,9.1,312
22104,2018-08-23 20:00,7.2,106,1.7,9.1,311
22104,2018-08-23 21:00,8.1,117,1.6,8,253
22104,2018-08-23 22:00,9.4,154,1.9,9.1,269
22104,2018-08-23 23:00,10.2,161,2.1,8,229
22104,2018-08-24 0:00,11.9,169,2.2,8,254
22104,2018-08-24 1:00,12.1,171,2,8,245
22104,2018-08-24 2:00,14.3,179,2.2,8,257
22104,2018-08-24 3:00,16.2,186,2.6,6.4,226
22104,2018-08-24 4:00,16.7,211,3,9.1,242
22104,2018-08-24 5:00,17.1,203,2.8,9.1,243
22104,2018-08-24 6:00,17,214,2.9,9.1,241
22104,2018-08-24 7:00,17.8,210,2.9,9.1,235
22104,2018-08-24 8:00,16.6,225,2.9,9.1,222
22104,2018-08-24 9:00,16.5,231,2.9,8,223
22104,2018-08-24 10:00,16.6,247,2.4,7.1,212
22104,2018-08-24 11:00,15.1,223,2.1,7.1,206
22104,2018-08-24 12:00,14,239,1.9,8,224
22104,2018-08-24 13:00,13.7,237,2.1,8,218
22104,2018-08-24 14:00,13,239,1.9,7.1,206
22104,2018-08-24 15:00,11.4,228,1.7,6.4,204
22104,2018-08-24 16:00,11.2,244,1.7,8,200
22104,2018-08-24 17:00,8.3,211,1.7,8,157
22104,2018-08-24 18:00,11.6,224,1.4,7.1,227
22104,2018-08-24 19:00,10.1,220,1.5,6.4,243
22104,2018-08-24 20:00,9.5,228,1.4,6.4,232
22104,2018-08-24 22:00,9.3,220,1.1,5.8,224
22104,2018-08-24 23:00,7.6,223,1,5.8,234
22104,2018-08-25 0:00,8,238,0.9,4.9,213
22104,2018-08-25 1:00,7.8,228,0.8,5.3,199
22104,2018-08-25 2:00,6.5,251,0.8,6.4,204
22104,2018-08-25 3:00,6.4,253,0.7,5.3,191
22104,2018-08-25 4:00,5.3,242,0.6,6.4,165
22104,2018-08-25 5:00,4.7,251,0.6,5.8,190
22104,2018-08-25 6:00,3.5,254,0.5,6.4,183
22104,2018-08-25 7:00,3.4,239,0.5,6.4,209
22104,2018-08-25 8:00,3.4,235,0.5,8,199
22104,2018-08-25 9:00,3.1,227,0.4,5.8,194
22104,2018-08-25 10:00,3.4,227,0.5,5.3,214
22104,2018-08-25 11:00,3.4,221,0.5,8,270
22104,2018-08-25 12:00,3.3,236,0.5,4.9,227
22104,2018-08-25 13:00,4.2,270,0.5,10.7,18
22104,2018-08-25 14:00,3.6,293,0.5,9.1,136
22104,2018-08-25 15:00,3,314,0.5,10.7,210
22104,2018-08-25 16:00,3.2,354,0.6,9.1,24
22104,2018-08-25 17:00,3,359,0.8,9.1,79
22104,2018-08-25 18:00,2.9,343,0.6,9.1,95
22104,2018-08-25 19:00,2.4,350,0.6,9.1,281
22104,2018-08-25 20:00,1.6,342,0.6,9.1,96
22104,2018-08-25 21:00,1.1,360,0.6,9.1,162
22104,2018-08-25 22:00,0.1,104,0.5,8,306
22104,2018-08-25 23:00,1,155,0.7,10.7,325
22104,2018-08-26 0:00,1.1,130,0.7,9.1,317
22104,2018-08-26 1:00,1.3,121,0.8,9.1,331
22104,2018-08-26 2:00,1.4,127,0.7,9.1,159
22104,2018-08-26 3:00,2.7,140,0.8,9.1,332
22104,2018-08-26 4:00,2.2,157,0.8,9.1,193
22104,2018-08-26 5:00,8.2,194,0.8,9.1,79
22104,2018-08-26 6:00,6.7,182,0.8,9.1,262
22104,2018-08-26 7:00,9.7,172,1,9.1,99
22104,2018-08-26 8:00,9.4,183,1,9.1,92
22104,2018-08-26 9:00,8.7,189,1.1,9.1,100
22104,2018-08-26 10:00,7.9,188,1.1,9.1,86
22104,2018-08-26 11:00,8.1,187,1.2,9.1,74
22104,2018-08-26 12:00,7.9,181,1.1,10.7,73
22104,2018-08-26 13:00,7.5,193,1.3,10.7,69
22104,2018-08-26 14:00,6.7,184,1.2,10.7,69
22104,2018-08-26 15:00,6.8,190,1.2,10.7,69
22104,2018-08-26 16:00,5.6,188,1.3,9.1,49
22104,2018-08-26 17:00,4.7,188,1.2,9.1,235
22104,2018-08-26 18:00,3.9,158,1.2,9.1,263
22104,2018-08-26 19:00,3.1,168,1.2,9.1,205
22104,2018-08-26 20:00,2.3,212,1.3,8,110
22104,2018-08-26 21:00,2.7,206,1.3,8,211
22104,2018-08-26 22:00,3.5,203,1.2,9.1,74
22104,2018-08-26 23:00,4.2,217,1.2,10.7,68
22104,2018-08-27 0:00,4.3,206,1.3,10.7,67
22104,2018-08-27 1:00,5.9,200,1.1,10.7,69
22104,2018-08-27 2:00,5.9,206,1,10.7,64
22104,2018-08-27 3:00,5.5,199,1,10.7,68
22104,2018-08-27 4:00,4.3,204,1.1,8,215
22104,2018-08-27 5:00,4.4,198,0.9,9.1,68
22104,2018-08-27 6:00,4.5,189,1.1,9.1,72
22104,2018-08-27 7:00,5.8,167,1.1,8,217
22104,2018-08-27 8:00,7.5,179,1,7.1,241
22104,2018-08-27 9:00,8,185,1,7.1,241
22104,2018-08-27 10:00,8.4,201,1.1,10.7,81
22104,2018-08-27 11:00,8.2,199,1.1,10.7,82
22104,2018-08-27 12:00,9.6,201,1.1,10.7,80
22104,2018-08-27 13:00,8.1,206,1.2,10.7,58
22104,2018-08-27 14:00,8.2,209,1,8,194
22104,2018-08-27 15:00,8.7,213,1,7.1,207
22104,2018-08-27 16:00,7.5,225,0.9,9.1,46
22104,2018-08-27 17:00,6.9,221,1,9.1,50
22104,2018-08-27 18:00,6.3,228,1.1,8,194
22104,2018-08-27 19:00,6.6,210,1,7.1,211
22104,2018-08-27 20:00,6.6,221,0.9,9.1,43
22104,2018-08-27 21:00,7,217,0.9,9.1,55
22104,2018-08-27 22:00,7.8,218,0.9,9.1,67
22104,2018-08-27 23:00,6.6,235,0.8,9.1,65
22104,2018-08-28 0:00,6.7,231,0.7,8,161
22104,2018-08-28 1:00,7.6,238,0.8,6.4,217
22104,2018-08-28 2:00,8.8,235,0.7,8,216
22104,2018-08-28 3:00,6.8,243,0.7,8,215
22104,2018-08-28 4:00,6.3,236,0.7,8,21
22104,2018-08-28 5:00,6.3,237,0.7,7.1,200
22104,2018-08-28 6:00,6,239,0.7,8,209
22104,2018-08-28 7:00,5.7,253,0.7,8,176
22104,2018-08-28 8:00,6.6,233,0.8,8,277
22104,2018-08-28 9:00,7,231,0.7,8,36
22104,2018-08-28 10:00,7.2,236,0.9,7.1,226
22104,2018-08-28 11:00,6.7,247,0.8,8,186
22104,2018-08-28 12:00,6.5,230,0.7,7.1,194
22104,2018-08-28 13:00,5.7,241,0.7,9.1,189
22104,2018-08-28 14:00,6.8,234,0.7,9.1,214
22104,2018-08-28 15:00,6.7,222,0.6,8,229
22104,2018-08-28 16:00,5.6,234,0.7,8,122
22104,2018-08-28 17:00,6.3,224,0.6,7.1,222
22104,2018-08-28 18:00,6.1,211,0.6,9.1,228
22104,2018-08-28 19:00,5.3,233,0.6,9.1,216
22104,2018-08-28 20:00,6.1,228,0.6,7.1,169
22104,2018-08-28 21:00,5.5,220,0.6,8,231
22104,2018-08-28 22:00,4.9,225,0.7,8,232
22104,2018-08-28 23:00,3.1,259,0.6,6.4,231
22104,2018-08-29 0:00,4.9,247,0.5,8,228
22104,2018-08-29 1:00,4,249,0.5,9.1,210
22104,2018-08-29 2:00,4.1,232,0.5,8,231
22104,2018-08-29 3:00,4.7,235,0.5,8,224
22104,2018-08-29 4:00,3.2,254,0.5,8,217
22104,2018-08-29 5:00,4.1,242,0.5,8,184
22104,2018-08-29 6:00,3.1,250,0.6,9.1,213
22104,2018-08-29 7:00,3.8,253,0.6,8,223
22104,2018-08-29 8:00,3.3,231,0.5,9.1,226
22104,2018-08-29 9:00,4.3,228,0.5,8,230
22104,2018-08-29 11:00,4.7,231,0.7,7.1,232
22104,2018-08-29 12:00,5.1,222,0.6,8,228
22104,2018-08-29 13:00,5.7,217,0.5,8,212
22104,2018-08-29 14:00,4.9,232,0.5,7.1,223
22104,2018-08-29 15:00,4.5,233,0.5,8,214
22104,2018-08-29 16:00,4.5,232,0.4,8,185
22104,2018-08-29 17:00,4.9,212,0.5,8,207
22104,2018-08-29 18:00,4.2,218,0.5,8,217
22104,2018-08-29 19:00,5.3,211,0.4,8,217
22104,2018-08-29 20:00,6.9,206,0.5,8,224
22104,2018-08-29 21:00,5.5,212,0.5,8,229
22104,2018-08-29 22:00,5.3,215,0.5,7.1,232
22104,2018-08-29 23:00,4.3,220,0.6,8,233
22104,2018-08-30 0:00,5.6,200,0.6,6.4,103
22104,2018-08-30 1:00,11.2,209,0.6,6.4,217
22104,2018-08-30 2:00,8,216,0.7,5.8,219
22104,2018-08-30 3:00,8.6,215,0.7,5.3,200
22104,2018-08-30 4:00,8.4,227,0.7,8,207
22104,2018-08-30 5:00,8.7,220,0.8,5.8,211
22104,2018-08-30 6:00,7.7,236,0.8,5.3,204
22104,2018-08-30 7:00,7.1,229,0.8,5.8,197
22104,2018-08-30 8:00,7.5,228,0.8,5.8,206
22104,2018-08-30 9:00,7,221,0.9,5.3,219
22104,2018-08-30 10:00,7.4,216,0.8,4.6,208
22104,2018-08-30 11:00,9.3,230,0.9,5.8,203
22104,2018-08-30 12:00,9,249,0.8,5.3,203
22104,2018-08-30 13:00,8.7,231,0.8,4.9,200
22104,2018-08-30 14:00,8.3,241,0.8,5.3,196
22104,2018-08-30 15:00,8.4,225,0.7,5.3,201
22104,2018-08-30 16:00,8.9,232,0.7,5.3,184
22104,2018-08-30 17:00,8.4,226,0.6,3.6,216
22104,2018-08-30 18:00,7.4,226,0.6,4.6,211
22104,2018-08-30 19:00,8.2,222,0.6,4,205
22104,2018-08-30 20:00,8.2,222,0.7,3.6,215
22104,2018-08-30 21:00,8.8,246,0.7,4.3,207
22104,2018-08-30 22:00,7.9,223,0.7,4.3,217
22104,2018-08-30 23:00,8.4,225,0.6,4,237
22104,2018-08-31 0:00,8.7,231,0.7,4,245
